b + e,be
o + y,you
h + t,the
i + s,is
a + m,am
a + r,are
a + w,was
a + h,has
h + r,had
o + t,to
i + t,it
n + o,on
n + t,not
DUP + t,that
a + n,and
f + o,of
d + o,do
h + v,have
h + w,what
e + w,we
i + n,in
e + g,get
s + t,this
m + y,my
e + m,me
g + o,go
h + o,oh
a + c,can
c + o,could
LEFT_ALT + n,no
f + r,for
k + n,know
j + u,just
u + y,your
a + l,all
o + s,so
i + w,with
e + h,he
b + u,but
e + y,yeah
l + w,well
k + t,think
m + t,here
n + w,want
o + w,would
o + u,out
a + b,about
d + g,good
c + e,come
p + u,up
a + s,say
b + n,now
a + e,at
e + o,one
h + y,hey
e + t,they
e + s,see
f + i,if
h + n,how
i + l,like
h + s,she
l + o,look
m + r,make
i + r,right
g + u,guy
r + t,take
e + l,let
l + r,really
k + o,okay
LEFT_ALT + h,her
h + u,uh
l + t,tell
h + i,him
w + y,why
g + t,there
b + m,who
e + i,time
e + n,thing
f + m,from
DUP + w,will
t + w,when
a + u,as
b + c,because
m + s,some
o + r,our
t + y,yes
b + k,back
m + n,mean
m + o,man
DUP + l,little
g + i,give
h + l,his
s + u,us
LEFT_ALT + t,them
d + n,need
RIGHT_ALT + t,then
l + s,shall
d + s,should
a + o,or
f + t,talk
n + s,something
r + w,where
g + r,great
b + r,way
n + v,never
c + l,call
DUP + e,too
b + y,by
r + s,sorry
o + v,over
l + v,love
b + i,wait
LEFT_ALT + m,more
d + w,down
a + d,day
b + t,two
e + p,people
g + n,god
e + v,very
DUP + o,off
b + o,work
e + k,thank
b + g,big
' + t,try
d + r,dad
' + m,maybe
e + f,feel
f + n,friend
t + v,even
r + u,sure
f + l,find
i + k,kid
t + u,these
' + b,boy
p + t,put
l + p,please
m + p,happen
m + u,much
p + s,stop
DUP + n,night
LEFT_ALT + b,bad
LEFT_ALT + i,into
e + u,those
a + y,any
f + s,first
a + i,leave
r + y,year
RIGHT_ALT + h,hear
LEFT_ALT + e,ever
RIGHT_ALT + m,mr
a + g,again
LEFT_ALT + u,use
DUP + m,mom
' + h,may
i + m,hi
k + l,life
c + n,nice
RIGHT_ALT + n,new
DUP + s,still
d + k,kind
DUP + a,anything
' + o,only
' + w,baby
RH_THUMB_1_3D + t,than
LEFT_ALT + f,fine
l + m,hello
k + p,keep
g + l,girl
LH_INDEX_3D + h,help
b + l,believe
LEFT_ALT + w,woman
LEFT_ALT + l,lot
a + p,play
a + k,ask
g + s,start
h + m,home
LH_MID_1_3D + n,nothing
g + h,hmm
RH_INDEX_3D + h,their
LH_INDEX_3D + m,meet
LH_RING_1_3D + h,huh
s + w,show
n + r,around
DUP + g,guess
LEFT_ALT + o,old
RH_THUMB_1_3D + e,hell
f + w,before
' + a,always
RH_INDEX_3D + RH_THUMB_1_3D,three
RIGHT_ALT + w,wow
l + u,listen
RH_MID_1_3D + t,thanks
LH_MID_1_3D + m,minute
c + r,actually
RIGHT_ALT + e,eat
c + p,place
i + v,live
' + r,away
a + f,after
RIGHT_ALT + b,bring
' + e,every
LH_THUMB_1_3D + e,everything
LH_THUMB_1_3D + o,money
p + r,person
RH_INDEX_3D + w,watch
RIGHT_ALT + o,other
DUP + r,remember
LH_MID_1_3D + h,house
LH_INDEX_3D + w,wrong
DUP + k,kill
c + s,school
LH_INDEX_3D + v,everyone
LEFT_ALT + r,run
RIGHT_ALT + l,late
c + t,care
LEFT_ALT + c,car
LH_MID_1_3D + LH_THUMB_1_3D,move
LEFT_ALT + a,ah
d + i,idea
RIGHT_ALT + a,another
n + u,someone
d + t,today
LH_RING_1_3D + t,turn
RIGHT_ALT + r,real
RH_THUMB_1_3D + a,happy
RH_THUMB_1_3D + w,whole
LH_THUMB_2_3D + e,week
j + o,job
f + u,fun
o + p,problem
LH_INDEX_3D + b,break
LH_MID_1_3D + w,world
LH_THUMB_2_3D + h,which
LH_RING_1_3D + m,must
p + y,party
b + s,buy
LH_INDEX_3D + t,through
LH_MID_1_3D + t,together
LH_MID_1_3D + r,room
f + y,family
' + s,stay
i + u,lose
k + s,stuff
LEFT_ALT + s,son
s + v,stupid
RH_INDEX_3D + n,name
d + e,everybody
RH_INDEX_3D + l,last
DUP + i,long
RH_INDEX_3D + o,tonight
c + h,child
RIGHT_ALT + s,sit
c + u,course
r + v,pretty
d + m,hold
LEFT_ALT + g,game
f + g,forget
RH_MID_1_3D + e,else
LH_THUMB_2_3D + o,own
f + v,five
d + u,second
c + d,doctor
d + l,dollar
LH_INDEX_3D + n,enough
DUP + c,dog
k + u,funny
LH_INDEX_3D + LH_THUMB_2_3D,wear
c + i,die
LH_MID_1_3D + s,sir
RH_THUMB_1_3D + r,hard
RH_THUMB_1_3D + o,honey
RH_RING_1_3D + o,sound
s + x,sex
LH_INDEX_3D + RH_THUMB_1_3D,hate
u + v,suppose
a + e + h,head
DUP + u,understand
LH_THUMB_2_3D + RH_THUMB_1_3D,whoa
LH_THUMB_1_3D + i,movie
LH_MID_1_3D + LH_THUMB_2_3D,worry
RIGHT_ALT + c,cool
RH_INDEX_3D + m,marry
RH_RING_1_3D + m,miss
a + v,pay
LH_MID_1_3D + RH_THUMB_1_3D,hour
c + y,crazy
RH_THUMB_1_3D + c,change
h + o + t,hot
LH_THUMB_1_3D + s,most
e + x,excuse
LH_THUMB_1_3D + t,mother
c + f,check
i + p,pick
LH_THUMB_2_3D + r,word
RH_INDEX_3D + s,same
l + y,yourself
RH_INDEX_3D + r,ready
LH_INDEX_3D + s,seem
LH_THUMB_2_3D + i,win
LH_THUMB_2_3D + a,walk
k + r,father
RH_RING_1_3D + t,story
RH_MID_1_3D + a,already
h + o + v,hope
LEFT_ALT + p,part
n + p,open
' + l,lady
LH_INDEX_3D + a,read
LEFT_ALT + d,drink
RH_MID_1_3D + s,sleep
LH_RING_1_3D + n,number
LH_THUMB_2_3D + t,write
LH_THUMB_1_3D + r,morning
LH_MID_1_3D + RH_INDEX_3D,tomorrow
n + x,next
RIGHT_ALT + p,phone
RIGHT_ALT + f,four
RH_MID_1_3D + o,once
u + w,somebody
p + w,probably
LH_THUMB_2_3D + RH_INDEX_3D,without
LH_THUMB_1_3D + a,many
LH_RING_1_3D + s,such
RH_RING_1_3D + e,eye
d + v,drive
LH_THUMB_2_3D + f,wife
LH_MID_1_3D + b,book
RH_MID_1_3D + h,hang
RH_RING_1_3D + i,since
LH_INDEX_3D + RH_INDEX_3D,throw
RIGHT_ALT + d,dead
RH_INDEX_3D + RH_RING_1_3D,stand
h + k,myself
LEFT_ALT + a + w,aw
LH_MID_1_3D + d,dinner
RH_INDEX_3D + RH_MID_1_3D,anyone
RH_THUMB_1_3D + n,hand
RH_INDEX_3D + e,each
RH_RING_1_3D + a,anyway
RH_INDEX_3D + v,television
LH_INDEX_3D + l,learn
RH_THUMB_1_3D + s,shut
o + t + w,town
RH_THUMB_2_3D + e,beautiful
RH_THUMB_2_3D + o,both
RH_INDEX_3D + d,date
RH_RING_1_3D + p,spend
LH_MID_1_3D + f,office
RH_THUMB_1_3D + i,hit
LEFT_ALT + y,yet
RH_RING_1_3D + v,save
RH_INDEX_3D + u,true
LH_THUMB_2_3D + s,sweet
RIGHT_ALT + u,until
c + f + o,food
RH_MID_1_3D + w,while
LH_INDEX_3D + RH_RING_1_3D,send
RH_THUMB_1_3D + g,high
RH_INDEX_3D + y,anymore
LH_MID_1_3D + a,also
LH_INDEX_3D + RH_MID_1_3D,news
LH_THUMB_1_3D + h,christmas
e + n + t,ten
RH_THUMB_2_3D + a,ass
LH_RING_1_3D + b,business
LH_MID_1_3D + c,couple
RH_THUMB_2_3D + t,totally
LH_INDEX_3D + d,door
g + y,gay
t + x,exactly
RH_INDEX_3D + p,parent
LH_INDEX_3D + f,few
RH_MID_1_3D + m,month
LH_INDEX_3D + y,easy
RH_MID_1_3D + d,deal
LEFT_ALT + o + w,ow
RH_THUMB_1_3D + u,hurt
n + y,nobody
LH_MID_1_3D + k,ok
g + p,perfect
LH_MID_1_3D + l,lie
f + r + t,free
' + n,young
LH_THUMB_2_3D + d,weird
b + v,whatever
RH_THUMB_2_3D + r,brother
RH_INDEX_3D + g,ago
d + e + n,end
RH_INDEX_3D + b,ball
' + f,finally
RH_MID_1_3D + i,line
RIGHT_ALT + i,its
LEFT_ALT + a + h,ha
LH_MID_1_3D + p,important
RH_INDEX_3D + f,fall
h + r + t,heart
a + e + f,fat
RH_MID_1_3D + c,class
RH_RING_1_3D + h,shoot
LH_THUMB_1_3D + p,picture
RH_RING_1_3D + l,sell
LH_MID_1_3D + RH_RING_1_3D,side
RH_RING_1_3D + w,wish
LH_THUMB_1_3D + n,mind
a + h + i,hair
LH_RING_1_3D + c,cut
LH_THUMB_2_3D + n,wedding
RH_RING_1_3D + r,reason
LH_INDEX_3D + RH_THUMB_2_3D,become
RH_MID_1_3D + RH_RING_1_3D,least
RH_THUMB_2_3D + i,bite
RH_MID_1_3D + u,under
b + c + e,bed
DUP + v,paper
RH_MID_1_3D + RH_THUMB_1_3D,different
RH_INDEX_3D + c,catch
LH_THUMB_1_3D + RH_MID_1_3D,mine
u + x,six
e + s + t,set
LH_THUMB_1_3D + f,face
RH_RING_1_3D + RH_THUMB_1_3D,speak
RH_RING_1_3D + u,suck
LH_THUMB_1_3D + RH_RING_1_3D,sometimes
' + c,city
RH_RING_1_3D + c,special
RH_RING_1_3D + k,stick
q + u,question
LH_RING_1_3D + d,dude
r + z,realize
LH_MID_1_3D + RH_THUMB_2_3D,birthday
RH_MID_1_3D + p,point
e + j,enjoy
LH_THUMB_1_3D + RH_THUMB_1_3D,fact
LH_THUMB_1_3D + d,dance
RH_RING_1_3D + n,soon
RH_INDEX_3D + RH_THUMB_2_3D,bar
LH_THUMB_2_3D + RH_MID_1_3D,wonder
j + k,joke
RH_MID_1_3D + r,relationship
LH_THUMB_1_3D + RH_INDEX_3D,chance
RH_MID_1_3D + b,black
a + l + m,almost
f + g + i,fight
LH_INDEX_3D + c,card
RH_RING_1_3D + g,song
RH_RING_1_3D + b,bye
LH_INDEX_3D + LH_THUMB_1_3D,coffee
DUP + RH_INDEX_3D,awesome
c + i + s,sick
a + p + r,apartment
LH_RING_1_3D + f,figure
LH_RING_1_3D + p,pull
w + x,box
RH_THUMB_1_3D + m,dream
a + e + w,water
c + d + e,decide
o + s + t,store
b + e + t,bet
LH_RING_1_3D + l,lunch
a + n + y,anybody
RH_INDEX_3D + i,afraid
RH_THUMB_2_3D + u,buddy
LH_THUMB_1_3D + u,cute
LH_THUMB_1_3D + l,close
LH_THUMB_1_3D + b,bathroom
e + t + u,steal
LH_RING_1_3D + RH_THUMB_1_3D,full
d + y,company
RH_MID_1_3D + f,front
a + e + m,ahead
RH_THUMB_2_3D + m,moment
a + c + s,case
LH_RING_1_3D + RH_INDEX_3D,though
RH_THUMB_2_3D + y,body
m + r + s,mrs
a + n + p,pants
RH_THUMB_2_3D + c,bitch
LH_INDEX_3D + p,promise
RIGHT_ALT + g,glad
LEFT_ALT + k,kiss
LH_MID_1_3D + e,either
f + i + r,fire
LH_INDEX_3D + g,grow
LH_RING_1_3D + RH_THUMB_2_3D,build
b + r + t,table
RH_INDEX_3D + k,ticket
DUP + LH_THUMB_1_3D,matter
a + c + e,cat
RH_THUMB_2_3D + s,sister
LH_MID_1_3D + g,girlfriend
m + r + t,hat
o + t + u,touch
a + b + e,beer
a + d + m,damn
- + m,mm-hmm
LH_RING_1_3D + LH_THUMB_1_3D,club
a + z,amaze
DUP + RH_RING_1_3D,smell
f + g + i + t,gift
LH_RING_1_3D + RH_RING_1_3D,serious
RH_THUMB_1_3D + l,plan
RH_RING_1_3D + RH_THUMB_2_3D,street
LH_INDEX_3D + o,order
' + d,cry
e + z,zero
d + o + r,drop
a + d + e,act
a + l + o,alone
a + e + s,seat
LEFT_ALT + e + h,eh
b + w,between
LH_INDEX_3D + i,eight
e + t + w,twenty
f + o + t,foot
e + s + v,seven
RH_RING_1_3D + f,finish
RH_MID_1_3D + g,gentleman
RH_THUMB_2_3D + l,blow
a + m + s,small
o + r + t,trouble
LH_THUMB_2_3D + RH_RING_1_3D,sweetie
i + n + s,sing
a + p + s,pass
r + t + w,beat
e + i + p,piece
h + o + s,shoe
LH_THUMB_2_3D + l,welcome
h + i + w,white
RIGHT_ALT + k,kick
LH_THUMB_2_3D + b,bag
LH_INDEX_3D + x,excite
LH_RING_1_3D + w,wonderful
r + s + t,seriously
LH_THUMB_1_3D + y,country
m + o + u,mouth
d + r + t,dear
i + q,quite
a + m + r + s,smart
h + s + u,husband
g + h + s,shh
LH_MID_1_3D + RH_MID_1_3D,invite
r + t + u,rest
RIGHT_ALT + y,yours
RH_THUMB_2_3D + n,behind
k + y,key
RH_RING_1_3D + d,dress
c + r + t,red
LH_RING_1_3D + RH_MID_1_3D,laugh
a + g + r,agree
d + m + r,machine
v + y,yep
LH_RING_1_3D + r,return
a + c + p + s,space
a + c + h,mad
h + r + t + u,truth
LH_INDEX_3D + LH_MID_1_3D,ice
f + l + o,follow
LH_RING_1_3D + o,outside
DUP + LH_MID_1_3D,idiot
LH_INDEX_3D + u,rule
LH_RING_1_3D + a,absolutely
a + g + i,against
LH_INDEX_3D + a + m,american
a + c + r + s,scare
n + o + t,notice
LH_THUMB_1_3D + RH_THUMB_2_3D,chicken
d + i + r,ride
m + s + u,music
i + j,join
- + g,good-bye
LH_INDEX_3D + LH_RING_1_3D,ruin
a + r + w,war
c + r + s,screw
g + i + l,light
a + i + n,along
o + p + r,poor
e + n + s,sense
a + b + l,able
c + e + s,secret
' + k,fly
o + p + t,top
a + f + i,fair
r + x,relax
RH_MID_1_3D + RH_THUMB_2_3D,boyfriend
i + m + s,mistake
RH_MID_1_3D + k,luck
LH_RING_1_3D + g,group
a + d + u,daughter
c + l + o,college
p + r + t,president
a + f + r,far
g + i + s,sign
e + m + s,message
f + k,freak
a + f + u,fault
c + q,quick
i + l + t,till
DUP + LH_INDEX_3D,except
g + i + n + s,single
h + i + s,shirt
c + h + o,choice
LH_THUMB_2_3D + p,power
q + t,quit
a + n + s,answer
r + s + t + u,trust
RH_THUMB_1_3D + y,fifty
e + g + l,leg
a + f + w,wake
h + m + u,human
a + e + u,star
s + t + u,student
a + i + r,air
a + c + h + i,chair
LH_THUMB_2_3D + u,gun
RH_THUMB_2_3D + g,begin
RH_INDEX_3D + d + e,death
b + o + s,boss
a + e + p,present
i + n + s + t,instead
i + y,lucky
a + f + s,safe
c + d + l + o,cold
a + g + h,ahh
e + v + x,explain
LEFT_ALT + v,video
a + b + r,brain
c + h + n,completely
RIGHT_ALT + v,voice
a + c + f,cake
i + r + t,trip
m + n + o,monkey
h + n + u,hundred
k + x,fix
e + i + n + t,entire
t + v + x,expect
i + l + m,million
a + l + o + w,allow
RH_THUMB_1_3D + v,forever
LH_RING_1_3D + LH_THUMB_2_3D,ugh
c + h + i,hide
g + h + u,huge
i + n + t,interesting
l + o + r,roll
c + l + o + t,clothes
f + r + s,fast
LH_THUMB_2_3D + RH_THUMB_2_3D,grab
a + c + r,crap
a + i + m + n,animal
b + r + u,burn
g + o + t + u,tough
o + r + s,sort
m + o + t,tooth
a + m + r,marriage
o + p + r + u,proud
LH_RING_1_3D + e,uncle
p + s + u,push
b + t + u,butt
e + f + o,offer
d + l + o + r,lord
DUP + LH_RING_1_3D,unless
e + f + l,feeling
i + s + u,suit
- + u,uh-huh
f + l + o + r,floor
a + f + v,favorite
a + k + n,naked
i + l + s,list
i + n + r,ring
c + e + l,clean
a + q,apologize
a + c + e + l,clear
a + h + s,share
f + i + l,fill
p + z,pizza
c + d + i + r,ridiculous
a + i + l,alive
r + t + v,pretend
h + o + u,hospital
a + d + s,sad
b + n + u,bunch
a + h + l,half
l + o + p,police
f + i + s,fish
RH_THUMB_2_3D + w,window
b + s + u,busy
i + p + t,pie
a + i + r + s,raise
m + o + s,somewhere
a + d + n + s,sandwich
h + i + t,thirty
a + l + s,sale
c + h + o + s,choose
d + e + k,definitely
e + s + w,swear
a + b + o,boat
l + r + t,tired
LEFT_ALT + h + o,ho
e + p + s + u,upset
DUP + RH_MID_1_3D,less
e + i + n,nine
h + o + t + u,thousand
m + n + s,smoke
b + e + m,embarrass
a + b + n,band
RH_INDEX_3D + b + e,bear
e + n + o,none
a + o + s,santa
o + r + s + t,strong
a + l + w,law
l + o + t,toilet
j + m,jump
c + o + u,count
DUP + e + g,egg
a + e + s + u,saturday
b + l + u,blue
h + o + r,horrible
h + i + s + t,shit
a + f + o + v,favor
a + h + n,handle
DUP + LH_THUMB_2_3D,wall
c + o + p,cover
a + h + r,arm
a + e + v,perhaps
i + m + p + s,simple
s + u + w,bus
a + r + v,appreciate
h + i + m,himself
r + s + u,surprise
a + c + n,candy
f + i + n,finger
o + r + w,worth
o + p + s,possible
c + i + r,rich
h + o + r + s,short
i + k + n,king
RH_THUMB_2_3D + k,knock
c + f + n,cookie
e + n + p,penis
h + i + u,history
a + i + m,imagine
h + i + r + t,third
b + l + o,blood
d + r + u,drug
f + t + u,future
p + v,prove
a + l + r,alright
a + c + p,captain
e + n + v,evening
c + n + o,congratulations
' + s + t,system
c + o + r + t,record
a + e + g,age
d + e + s,deserve
n + o + r,normal
DUP + y,yesterday
j + r,jerk
' + DUP,yay
b + i + r,bird
n + o + s,nose
b + o + t,bother
a + f + n,fan
e + l + t,letter
e + l + o,interested
e + o + w,owe
g + p + r + t,pregnant
d + e + s + t,destroy
e + i + v,evil
h + i + l,milk
o + p + r + s,sport
a + d + i + m,admit
LH_INDEX_3D + a + p,apparently
d + n + o,conversation
LH_MID_1_3D + v,obviously
- + s,uh-oh
a + j,jacket
d + i + r + u,during
a + c + e + p,accept
d + m + u,dumb
b + i + t,bit
c + n + o + s,consider
e + m + n,mention
e + p + s + t,step
g + h + n + u,hungry
i + s + t,situation
a + e + l,lead
e + l + t + w,twelve
a + f + o,fantastic
h + l + o,hole
l + p + u,plus
e + n + o + t,note
DUP + e + s + t,test
h + n + o,honest
a + c + h + r,character
h + l + o + y,holy
a + m + n,manager
e + l + s,lesson
o + s + u,soul
n + o + p,nope
RH_THUMB_1_3D + k,dark
d + i + k,difference
i + n + w,wine
a + o + r,road
a + c + l,calm
a + e + p + s,personal
c + i + n,clown
d + m + o,computer
a + h + o,horse
g + o + s,gosh
a + m + y,mayor
d + i + n + s,inside
RH_RING_1_3D + x,sexy
d + i + r + t,dirty
a + c + r + y,carry
n + p + r,professor
LH_RING_1_3D + y,usually
b + l + o + t,bottle
c + e + h,cheese
e + m + s + u,summer
i + m + r + t,remind
a + e + k,afternoon
e + g + p,pee
a + c + o + r,across
a + g + n,angry
a + e + f + l,fella
f + i + l + m,film
h + o + s + w,shower
c + p + u,cup
' + i,lawyer
c + h + r,camera
a + i + p,pain
h + r + u,hurry
d + e + k + s,desk
m + n + o + s,monster
c + n + p,cop
c + d + r + t,credit
a + n + w + y,anywhere
a + b + s,bastard
c + h + u,church
h + i + r,hire
c + d + e + i,decision
g + i + p,pig
l + o + s,loser
b + o + r,robot
d + e + v,deep
a + k + p + r,park
c + h + l + o,chocolate
a + e + s + v,service
j + w,jew
LH_INDEX_3D + k,kitchen
d + l + r,rid
a + g + n + r,grandpa
a + e + h + o,hero
h + o + s + t,shot
o + p + s + t,spot
f + k + l + o,folks
' + g,yell
a + f + u + w,awful
c + e + n + s,scene
c + i + r + t,trick
a + h + o + s,asshole
LH_RING_1_3D + i,issue
RH_MID_1_3D + v,lovely
RH_THUMB_2_3D + v,visit
h + n + o + r,honor
c + h + l,chick
c + o + s,costume
f + l + r,friday
h + l + r,hall
LEFT_ALT + m + s,ms
a + f + k,fake
f + o + r,forgive
a + d + g + r,grade
f + i + t,fifteen
LH_MID_1_3D + u,ought
a + c + e + h,cheat
c + h + i + n,chinese
d + m + n,comfortable
e + h + o + t,hotel
m + q,magazine
e + l + s + t,settle
a + c + i,accident
c + e + x,excellent
e + g + i + n,neighbor
a + b + o + r,board
g + o + p,pop
i + p + s,spirit
b + c + o,cow
b + i + u,building
a + g + i + n,giant
g + l + u,ugly
o + t + y,toy
a + c + e + n,cancel
e + l + o + t,internet
LH_INDEX_3D + s + t,strange
a + n + u,aunt
a + i + l + s,island
e + t + x,extra
e + f + i,fit
c + o + r,rock
a + c + e + i,action
b + i + l,bill
e + f + i + l,field
k + r + t,fresh
e + l + v,level
c + o + s + t,cost
s + z,size
DUP + c + e + l,cell
r + s + t + v,serve
a + h + k + s,shake
c + e + n,neck
b + o + w,bowl
c + n + o + t,control
l + o + u,loud
b + c + t,bedroom
a + e + h + v,heaven
c + e + h + o,commercial
a + d + r,draw
e + g + u,guest
a + i + n + s,insane
a + f + i + l,fail
d + k + o,cook
e + l + p,pleasure
c + r + t + u,truck
c + e + i + s,science
LH_INDEX_3D + a + c,careful
a + e + n,nervous
a + e + i,although
a + g + s,gas
RH_INDEX_3D + p + r,partner
LEFT_ALT + e + w,ew
d + r + s,scream
i + n + p,pool
RH_THUMB_1_3D + a + e,appear
c + l + t,clearly
i + l + u,silly
c + e + f,feed
a + d + m + r,charge
e + h + i + n + t,neither
a + s + w,wash
i + k + n + s + t,stink
DUP + a + m,magic
a + l + p,plane
i + n + t + y,tiny
i + p + r,prison
a + c + u,cause
m + o + p,photo
p + u + w,public
b + o + t + u,button
f + l + o + w,flower
e + m + o,memory
a + b + e + s,base
i + n + v,involve
RH_THUMB_1_3D + a + m,madam
a + b + l + m,blame
h + o + w,whoo
b + i + k,bike
f + z,freeze
e + s + x,sexual
c + d + o,code
b + c + e + l,celebrate
c + h + o + u,couch
c + i + p + r,price
a + s + u,assume
d + e + l,delicious
f + o + r + t,forty
' + p,player
o + p + s + u,soup
a + u + w,waste
a + c + o,coat
d + l + o,doll
c + e + s + u,security
a + h + r + w,warm
f + n + t,football
d + e + m + o,model
e + h + o + s + w,whose
b + e + s,besides
d + i + m,middle
h + n + s,shop
a + b + g + r,garbage
c + i + l,client
g + o + r,ground
a + e + l + m,lame
j + p,project
LH_INDEX_3D + a + d,dare
e + i + p + s,episode
a + g + l,glass
g + r + t,green
d + i + n,lock
a + d + r + w,award
RH_INDEX_3D + r + s,straight
LH_MID_1_3D + LH_RING_1_3D,unbelievable
c + o + r + u,court
a + e + v + x,experience
a + f + i + n,final
a + g + l + r,large
a + d + l + s,salad
b + e + l,belong
i + r + s + t,station
o + t + v,vote
c + l + r,crime
RH_INDEX_3D + e + m,meat
m + o + r,romantic
f + o + r + w,forward
a + g + l + s,glasses
e + i + w,weight
a + i + l + m,mail
a + b + c,cab
  + t,two hundred
b + n + r,boring
k + l + o,information
n + r + t,total
a + c + h + n,channel
a + g + p,page
d + s + u,suddenly
a + k + s,sake
h + n + r + t,thanksgiving
i + p + r + v,private
f + n + r + t,french
e + i + n + w,winner
a + p + u,past
e + o + p,pen
i + t + w,twice
c + o + s + u,cousin
j + s,jealous
DUP + e + m + s,mess
l + p + r,planet
c + r + u,scary
LH_RING_1_3D + v,universe
p + s + t + u,upstairs
e + g + n,genius
a + d + n,dangerous
n + t + u,nuts
o + r + u,ourselves
LH_THUMB_1_3D + a + r,race
g + s + u,suggest
LEFT_ALT + a + e + s,sea
c + f + l + o,officer
a + e + i + m,meal
o + p + u,popular
o + p + r + t,report
f + g + i + l,flight
d + i + r + v,driver
e + h + w,wheel
d + m + s,dump
  + f,five hundred
b + m + t,member
LH_MID_1_3D + y,yo
a + d + g,add
c + f + n + o,confuse
f + m + o + r,form
g + n + p,government
n + s + u,sunday
c + e + n + o,continue
e + n + t + v,event
e + q,quiet
l + o + w,low
c + l + o + r,color
h + j,jewish
h + n + r,nah
a + b + k + n,bank
a + i + k + p + r,parking
i + l + w,wild
k + r + t + u,turkey
b + l + r,blah
g + h + o + t + u,thought
a + f + m,famous
g + l + o,gold
n + o + p + u,pound
i + k + s,skin
  + o,one hundred
i + s + w,switch
e + i + t,tie
RH_INDEX_3D + c + r,career
c + j,juice
a + o + p,protect
a + h + m + s,shame
b + m + o + t,bottom
p + r + s + t,respect
d + n + u,underwear
a + d + i + n,indian
c + l + o + s,closet
e + m + t,meeting
LEFT_ALT + n + s + u,sun
a + f + o + r,afford
a + b + i,bald
a + e + g + n,engage
a + l + v,plant
e + o + t + w,towel
DUP + a + l + m,mall
DUP + r + t,regular
b + n + o,bone
d + g + i,dig
RH_INDEX_3D + e + f,fear
c + n + r,cancer
d + i + s,discuss
a + c + f + n,fancy
a + d + v,advice
c + e + n + t,center
a + e + l + p,apple
a + e + v + y,everywhere
h + i + n,holiday
a + c + h + s,cash
c + h + n + o,common
c + r + s + u,crush
c + p + r + t,peace
a + n + r + w,warn
a + d + l + u,adult
s + u + v,super
  + e,three hundred
p + t + y,type
b + o + r + w,borrow
d + t + v,department
l + r + v,plate
a + c + l + s,classic
a + f + m + r,farm
d + g + i + s,disgusting
DUP + l + r + t,tall
l + p + r + t,replace
e + m + o + s,somehow
e + h + t,theater
c + d + i + s,discover
c + i + n + r,incredible
' + v,plenty
a + b + e + l + s,baseball
c + h + o + t,comedy
e + o + t,enter
i + n + r + t,introduce
e + h + n + w,whenever
b + e + t + u,butter
n + p + s,possibly
e + s + t + w,sweetheart
. + a,jail
a + e + o + s,season
d + s + t + u,study
i + m + r,miracle
f + g + l + o,golf
h + k + o,hook
a + e + k + p,perfectly
a + f + l,flag
j + z,jeez
a + m + o + r,roommate
h + l + s,ship
d + o + w,wood
a + c + e + o,actor
q + v,prize
c + n + o + r,corner
f + o + u,fourth
a + e + n + s,sneak
i + p + u,piss
d + o + v,pocket
i + t + v,tip
RH_MID_1_3D + y,lately
n + q,queen
e + p + s,especially
a + l + y,lay
p + r + t + u,pressure
i + r + v,rip
a + i + s,assistant
d + j,judge
n + o + r + t,north
e + f + o + t,often
a + h + l + o,halloween
d + r + v,vacation
i + m + p,impossible
q + s,square
e + f + l + t,left
a + d + g + n + r,grandma
g + o + r + s,gross
a + i + v,pal
i + l + m + s,smile
c + e + p + s,speech
b + s + t + u,bust
DUP + g + t,gee
a + m + o,handsome
a + e + f + s,safety
c + h + n + u,community
a + b + c + e,beach
LH_THUMB_2_3D + y,gym
a + e + o,toast
d + e + i + s,disease
a + i + n + p,paint
e + h + m + t,themselves
d + m + n + o,monday
c + p + r,pack
n + p + u,punch
c + s + u,customer
a + e + h + l,healthy
e + i + n + v,invent
i + n + p + r,princess
a + e + m + y,merry
d + e + m + o + s,someday
LH_MID_1_3D + b + l,blind
l + o + s + v,solve
a + e + s + w,sweater
LEFT_ALT + e + t + w,wet
a + c + e + f,attack
b + e + g,beg
DUP + c + i,cigarette
a + g + s + u,sugar
DUP + m + u,uhh
e + f + w,weekend
d + o + s,sock
DUP + a + e + m,emergency
RH_THUMB_1_3D + m + o,mood
a + e + n + p,peanut
g + r + s + t,stage
g + i + t,tight
DUP + m + s,gum
DUP + m + n + o,moon
a + e + n + u,nature
g + o + p + r,program
DUP + a + n,angel
c + o + p + r,corporate
e + i + x,exist
g + h + o,ghost
a + c + s + u,sauce
m + o + s + t,stomach
- + t,twenty-five
b + c + l + o,block
a + e + h + s,herself
m + r + u,murder
p + s + t,speed
DUP + j,jesus
m + x,mix
o + p + r + t + u,opportunity
c + n + s,society
- + w,whoo-hoo
o + u + v,upon
d + k + l,difficult
i + k + l,killer
i + l + p,lip
a + h + k + r,market
d + g + o,goodness
i + l + v,pillow
a + i + r + v,arrive
m + n + o + u,mountain
i + l + p + s,slip
b + e + l + t,belt
DUP + e + m + s + u,museum
a + e + p + u,press
a + i + p + r,airplane
a + l + p + r,airport
e + h + n + o,honestly
c + e + n + o + t,contest
f + r + w,fabulous
e + l + p + s,spell
e + h + o + w,whoever
b + e + i,bell
i + k + r,friendship
a + e + i + n,national
a + e + i + l,alien
f + g + i + n,fool
b + e + l + s,bless
LH_INDEX_3D + RH_INDEX_3D + c,cartoon
RH_INDEX_3D + e + n,near
l + s + w,swim
b + g + r + u,burger
f + r + u,fruit
k + o + r,roof
e + h + n + t,theory
a + c + d + o + r,according
g + i + u,guilty
n + p + t,potato
d + i + u,dish
c + n + u,uncomfortable
a + p + r + w,wrap
c + h + t,cheap
e + m + p,employee
RH_INDEX_3D + i + n,interview
k + p + r + t,perform
p + r + s,spring
RH_INDEX_3D + x,text
o + r + t + u,tour
a + b + k,awkward
e + n + v + x,expensive
f + n + u,unfortunately
p + r + u,purse
- + h,ha-ha
d + i + v,divorce
LEFT_ALT + a + b + r,bra
b + n + o + r + w,brown
c + d + u,duck
DUP + e + n,english
c + e + i,celebrity
d + o + u,double
a + e + i + p,period
LH_INDEX_3D + a + b,barely
- + b,bye-bye
d + l + m,chip
g + i + n,ignore
a + g + l + o,language
a + l + u,laundry
d + n + s,social
f + o + s,soft
a + l + o + p,apology
d + e + n + o,concert
a + d + i + s,disappoint
f + i + k + n,knife
a + h + i + l,hilarious
l + r + w,blanket
d + l + m + o,comic
a + d + e + l,leader
a + c + l + o,local
e + g + h + i + n,neighborhood
e + u + w,west
b + r + u + y,bury
h + o + r + w,whore
c + o + r + s,cross
e + h + s,sheet
f + s + u,suffer
r + t + x,tax
a + b + e + m,bath
c + l + r + t,receive
e + m + o + s + t,sometime
l + p + s,split
a + d + o + s,soda
a + c + o + u,account
c + n + o + p,convince
d + e + u,dessert
o + p + r + s + u,purpose
a + e + f + w,weak
d + e + m,cheer
n + p + s + u,support
g + n + o + t,tongue
a + e + l + v,valentine
g + i + l + p,pill
a + k + n + s,snake
a + b + e + l,battle
c + e + i + l,license
e + n + u,nut
a + e + h + i,health
n + r + t + u,natural
a + g + o,gorgeous
RH_INDEX_3D + e + s,steak
DUP + a + v,vagina
a + d + i + u,audience
e + k + n,knee
a + c + o + s,score
e + s + u,sue
e + h + t + w,whether
a + b + g + n,bang
a + b + e + n,bean
DUP + n + o + t,onto
e + m + p + t,empty
l + o + p + r,painting
l + r + t + u,truly
a + m + r + y,army
a + o + v,avoid
DUP + a + g + n,gang
a + d + l + o,land
a + d + e + n,nerd
e + h + o,others
a + l + p + s,slap
a + n + v,appointment
c + d + i,dick
b + e + i + l + s,lesbian
f + o + t + u,outfit
a + d + e + v,adventure
d + e + i + v,devil
a + i + l + r,liar
n + r + u,nurse
e + o + v,pot
r + t + u + v,responsible
a + e + l + s,salesman
l + o + s + w,slow
a + e + l + w,wallet
d + i + m + n,commit
a + e + x,example
b + o + v,obvious
a + l + r + v,pirate
a + d + i + r,radio
a + c + e + h + s,chase
d + t + u,due
a + f + i + m,familiar
h + m + o,homework
b + i + r + t,birth
a + c + d + n,canadian
f + r + t + v,prefer
r + u + w,rub
' + k + s,sky
a + b + i + s,basically
a + c + h + o,coach
d + e + i + l,deliver
a + b + l + o,laboratory
RH_THUMB_1_3D + a + r,address
f + i + l + t,lift
d + n + o + t,concern
l + t + v,eleven
n + o + r + u,round
a + g + u,guard
c + n + o + r + t,contact
LH_THUMB_1_3D + a + p,package
i + s + x,sixty
a + i + n + v,anniversary
c + e + o,cent
c + f + o + r,force
r + s + v,spread
a + d + o,adorable
a + c + e + n + o,ocean
d + r + t + v,percent
b + i + n,wing
a + b + o + v,above
a + c + h + l + o,alcohol
a + c + h + r + s,crash
i + n + s + u,insurance
c + i + n + u,nuclear
a + e + m + p,pathetic
n + r + w,row
g + h + i + s,sight
a + i + l + v,available
a + b + r + v,brave
d + i + l,climb
RH_RING_1_3D + a + e,east
i + m + p + r,impress
a + e + g + l,league
h + i + t + w,within
i + r + w,writer
d + n + r,crowd
f + i + l + v,flip
LEFT_ALT + g + h + u,hug
DUP + a + c + r,drag
e + f + n + u,funeral
e + i + l + t,literally
l + o + s + u,lousy
l + o + v,opinion
i + p + s + t,spit
n + r + v,van
h + t + w,behavior
RH_MID_1_3D + i + t,interest
e + i + s + t,itself
l + m + r,mirror
c + n + r + t,recently
i + p + r + s + t,stripper
. + s,subject
b + g + i + r,bright
d + e + g + i + s,design
e + g + o,general
d + i + k + n,kidney
l + r + s + t + u,result
i + k + r + s + t,strike
a + c + n + o,corn
d + o + r + t,correct
DUP + a + r,grandmother
g + h + i + n,nightmare
o + r + s + u,ours
e + l + y,yellow
i + r + s,rise
c + h + i + r,christian
d + g + o + u,doughnut
g + l + o + r,original
o + s + v,position
q + r,quarter
a + n + o,annoy
a + d + e + m,match
a + c + e + u,actual
a + n + w,banana
c + e + f + n + o,conference
a + k + l,lake
d + e + i + m,medical
d + m + t,medicine
a + p + r + y,pray
a + h + s + v,shave
t + u + w,tub
a + b + e + k,bake
n + t + v,option
o + s + t + u,south
c + p + r + t + y,creepy
c + d + o + u,douchebag
e + n + t + u + v,eventually
RH_INDEX_3D + RH_MID_1_3D + i,interrupt
b + i + l + r,library
d + r + t + u,rude
LH_THUMB_1_3D + a + d,advertisement
a + d + g + n,danger
f + o + r + u,fourteen
a + m + u,master
a + e + h + m,math
o + r + v,propose
h + t + u,thursday
LH_INDEX_3D + RH_THUMB_1_3D + a,apart
a + d + l + r,darling
DUP + a + e,gather
l + m + o + s + t,mostly
b + e + l + u,bubble
DUP + a + e + n,energy
a + e + h + v + y,heavy
l + r + s,laser
m + n + r,manage
a + e + m + n,meanwhile
e + n + t + w,network
a + e + p + w,weapon
c + d + n + o,condition
c + o + p + y,copy
e + f + m,female
k + q,quickly
i + l + r + t,religion
n + o + s + w,snow
e + s + t + u,tuesday
a + e + u + v,version
b + m + o,bomb
a + i + k,faith
m + o + r + t,remove
r + s + u + v,survive
b + g + t,bee
a + i + w,bride
f + l + t,fifth
s + t + v,several
a + b + k + s,basketball
d + n + o + w,downtown
l + p + t,elephant
i + p + w,wipe
a + o + w,bored
b + l + u + y,bully
c + f + i + n,clock
d + e + i + n,indeed
a + h + u,massage
h + r + s,shape
i + k + p + s,skip
d + r + y,dry
' + e + s,style
g + r + s + u,surgery
LEFT_ALT + e + o + t,toe
a + r + y,yard
a + b + i + l + r,brilliant
c + i + l + r,circle
d + t + u + y,duty
e + m + n + y,enemy
c + f + o + u,focus
e + l + o + v,lover
RH_THUMB_1_3D + i + m,midnight
i + l + m + p + s,simply
a + n + p + s,spanish
b + m + n,boom
c + d + e + s,describe
DUP + a + e + g + l,legal
LH_THUMB_1_3D + x,mexican
o + p + w,powerful
a + e + i + s,series
i + r + t + w,wire
a + c + d + o,candle
a + d + i,diaper
a + d + l,direction
e + g + i,eighteen
r + t + v + x,express
a + l + p + u,plastic
o + p + r + s + t,responsibility
i + n + u,united
a + f + o + w,worker
a + c + i + s,aids
e + i + m,immediately
n + o + w,nowhere
e + p + u,separate
e + m + o + t,emotional
a + c + h + l + r,hardly
RH_MID_1_3D + i + p,pilot
a + h + v,vampire
a + e + i + u,attitude
a + b + i + n,balloon
a + c + e + x,exact
a + f + n + r,frankly
h + i + v,hip
e + p + t,pet
a + n + p + r,prank
a + n + o + u,announcement
c + e + f + t,effect
a + c + e + s,escape
d + g + l + o,golden
RH_THUMB_1_3D + i + n,nipple
g + o + r + u,rough
i + n + t + w,twin
a + e + i + w,waiter
a + c + h + i + r,architect
a + b + e + u,beauty
d + k + l + o,official
a + c + p + r,practice
- + e,t-shirt
b + g + u,bug
a + c + f + r,crack
  + k,four hundred
d + n + o + r + t,contract
LH_MID_1_3D + a + n,nail
LH_INDEX_3D + z,recognize
c + e + i + n + s,scientist
h + o + s + u,shoulder
c + e + f + s + u,successful
d + r + s + t,turd
b + e + i + v,view
a + b + e + m + s,basement
d + e + g,degree
f + o + r + t + u,fortune
i + n + t + v,invitation
n + s + v,oops
k + o + p + r,professional
LH_INDEX_3D + a + s,search
i + n + s + w,swing
RH_INDEX_3D + e + w,weather
a + l + m + r,alarm
i + k + t,kitty
LEFT_ALT + a + n + p,nap
c + i + p + r + t,precious
c + n + p + r,product
a + b + i + r,rabbit
l + o + r + t,role
a + c + n + s,snack
c + f + s + u,sucker
LH_INDEX_3D + c + h,chef
RH_THUMB_1_3D + c + e,chew
d + e + i + n + v,evidence
f + n + r,fantasy
a + e + o + p,operation
p + u + y,puppy
a + i + n + r,rain
i + n + p + s,spin
h + o + r + t,throat
e,e-mail
a + i + u,saint
d + l + v,victim
l + r + t + w,waitress
b + z,booze
RH_MID_1_3D + c + o,condom
a + d + e + i,director
h + n + t + u,hunt
e + m + n + u,menu
m + u + y,mystery
c + e + t,technically
LEFT_ALT + n + o + t,ton
LH_INDEX_3D + a + w,aware
c + e + h + s,chest
d + e + n + t,dentist
e + i + l,illegal
. + u,junior
m + o + s + u,mouse
c + e + n + p,pencil
e + n + s + t,sentence
i + s + t + x,sixteen
u + z,squeeze
a + c + i + u,audition
b + l + o + s,lobster
DUP + c + e + s + u,success
a + e + l + p + s,asleep
a + k + u,fashion
DUP + l + o,glove
e + i + m + t,item
d + n + r + t,recommend
n + s + t,tuna
RH_INDEX_3D + r + w,warehouse
l + z,lazy
k + n + r + t,tank
a + h + w,whale
o + z,zone
a + c + i + n + p,panic
b + c + r,bachelor
a + c + h + i + n,chain
d + i + m + r,diamond
h + n + w,however
DUP + a + i + m,image
a + d + r + v,parade
d + k + o + r,rocket
l + o + s + t + u,solution
a + b + c + l,cable
c + l + u,culture
- + f,forty-five
LH_INDEX_3D + a + g,garage
l + m + r + t,male
n + r + t + v,revenge
h + i + r + s,shrimp
a + d + e + o,taco
h + i + n + t,thin
a + d + e + i + s,aside
b + m + u,bum
d + i + s + t,distract
e + g + h,hehe
h + i + m + u,humiliate
c + e + f + l + o,locker
a + e + l + o,native
a + e + f + v,performance
RH_MID_1_3D + o + p,policy
n + o + p + y,pony
n + o + s + t,stone
RH_THUMB_1_3D + o + w,woohoo
a + d + n + v,advantage
a + b + e + k + s,basket
c + e + p,device
RH_INDEX_3D + g + r,garden
i + p + r + t,patient
i + k + n + p,pink
n + p + r + s + t,represent
h + l + t,thirteen
a + m + o + u,amount
a + k + r,fart
e + n + w,newspaper
d + i + n + w,wind
a + e + h + m + s,ashamed
RH_INDEX_3D + c + h,champion
c + o + s + t + u,scout
g + i + t + u,guitar
e + m + n + t,mental
e + i + n + s,sensitive
t,twenty-four
RH_INDEX_3D + e + h,heat
h + n + t,otherwise
e + n + s + v,seventeen
i + n + r + s + t,string
d + n + o + s + w,downstairs
l + m + p,impressive
DUP + o + v,poop
n + p + r + t,property
i + k + l + s,skill
a + d + l + m,dammit
a + c + n + p,pancake
LH_INDEX_3D + RH_INDEX_3D + s,stranger
a + d + i + m + r,charity
c + f + r + t,freedom
n + u + v,pour
b + e + k,beef
b + e + l + t + u,bullet
c + i + r + u,curious
d + l + s,disaster
c + f + r,factory
a + k + o,forest
DUP + c + o,odd
o + p + r + v,provide
c + e + s + t,section
b + s + u + w,subway
LH_MID_1_3D + c + h,choke
b + c + n,cowboy
d + l + r + t,dirt
f + g + o + r,frog
m + p + u,pumpkin
a + l + s + w,swallow
a + b + c + o,bacon
c + i + t,clever
g + h + t,heh
c + f + i + l,lick
i + m + u,mission
LEFT_ALT + a + i + p + r,pair
a + o + p + s,soap
DUP + o + r + t,tattoo
a + c + e + i + p,activity
b + c + i + r,bridge
d + e + t,detail
d + e + i,diet
RH_RING_1_3D + i + n,insult
LH_INDEX_3D + h + t,theme
i + n + u + v,university
RH_THUMB_1_3D + a + c,champagne
RH_INDEX_3D + RH_THUMB_1_3D + c,charming
g + t + u,gut
a + m + p,map
a + k + n + p,napkin
a + l + p + y,apply
a + c + h + l,challenge
c + e + l + o,collect
a + c + p + u,cupcake
k + l + r,fridge
DUP + i + m + r,imagination
c + i + r + s,script
h + l + w,whip
a + f + i + r,affair
b + e + n,benefit
b + e + y,beyond
d + z,citizen
a + g + o + r,grant
. + n,junk
DUP + m + r,magical
m + o + p + r,prom
c + h + s,schedule
d + i + s + t + u,studio
a + l + u + v,value
e + i + s + w,wise
b + e + i + l,bible
c + e + l + u,clue
c + i + s + u,suicide
d + e + w,wednesday
f + i + r + t,friendly
a + c + i + l,claim
d + o + u + w,doubt
g + n + t,generation
a + g + p + r,grave
LH_INDEX_3D + q,require
l + r + s + t,stair
a + b + l + u,album
c + p + t,depend
d + l + m + r,maid
m + n + o + r,moron
a + c + e + n + s,necessary
e + n + o + v,oven
f + g + r + t,refer
a + d + r + s,scratch
i + s + v,spill
i + r + t + u,stain
a + d + o + v,adopt
b + r + s + u,brush
d + e + i + l + v,delivery
d + l + u,disappear
e + l + m,elementary
h + m + o + u,humor
RH_INDEX_3D + z,amazing
DUP + a + i + n + s,asian
b + e + o,boot
d + e + n + o + t,connection
DUP + e + v,eve
h + r + v,happiness
e + f + i + l + t,lifetime
a + c + f + l + o,officially
l + q,quality
LH_THUMB_2_3D + a + r,agreement
a + g + r + u,argument
LH_INDEX_3D + LH_THUMB_1_3D + a,carpet
DUP + c + i + r + s,crisis
a + b + c + r,drawer
f + r + t + u,further
a + c + i + n,incredibly
e + l + o + s,loose
f + r + s + t,refuse
i + k + r + s,risk
e + f + l + s,selfish
i + l + r + v,village
DUP + a + o,anger
a + r + s + u,assure
b + g + i + n,bingo
b + n + u + y,bunny
a + b + c + l + r,crawl
a + d + e + m + n,demand
d + s + t,desperate
a + e + i + v,elevator
g + n + r,goat
e + h + n + o + y,honeymoon
DUP + i + n + s + t,insist
e + n + p + y,penny
a + l + s + u,usual
b + e + l + o,beloved
e + f + s,festival
e + i + n + s + t,tennis
RH_THUMB_1_3D + r + t,threaten
b + e + g + i,beginning
DUP + c + l,cigar
a + c + d + e + n,dancer
LH_THUMB_1_3D + e + h,heck
a + k + n + y,yankee
LH_THUMB_1_3D + a + h,chapter
c + h + r + t,chat
e + h + m + o,homeless
LEFT_ALT + a + l + p,lap
. + m,major
RH_INDEX_3D + m + r,mark
i + r + t + v,river
a + h + r + s,shark
RH_RING_1_3D + r + t,strength
a + c + d + i,accidentally
a + c + e + i + n,ancient
c + e + l + o + t,collection
c + r + t + x,exercise
LH_THUMB_1_3D + i + n,include
f + m + u,muffin
e + f + n + o,offense
c + r + s + t,screen
m + n + t,tomato
g + h + r,aha
a + d + k,cafeteria
a + c + p + r + y,crappy
. + r,japanese
l + p + s + u,supply
a + e + s + u + v,versus
e + i + n + t + w,winter
DUP + l + o + t,tool
b + n + t,bend
c + h + l + o + t,commitment
c + i + u,disturb
j + y,joy
n + p + r + t + u,presentation
h + o + s + v,shove
b + s + t,tube
b + e + i + n,being
a + e + i + v + x,experiment
e + f + l + o,fellow
a + e + g + h,german
LEFT_ALT + j,jar
i + m + n,mint
m + p + y,physical
i + n + p + u,punish
m + n + r + t,remote
l + s + u,slut
i + s + t + w,twist
LEFT_ALT + a + c + p,cap
c + h + l + r,criminal
LH_INDEX_3D,eight hundred
i + n + p + r + s,inspire
a + l + m + o,main
a + c + o + p,panda
i + k + n + s,sink
h + m + o + s + t,smooth
n + r + s,snap
h + m + t + u,thumb
l + t + w,witness
a + b + c + n,abandon
a + d + e + k,affect
LH_INDEX_3D + RH_INDEX_3D + b,beard
b + c + u,bucket
c + n + o + u,county
g + i + r,gain
e + m + o + p,poem
o + r + t + v,reporter
l + r + t + v,review
a + m + n + o,among
d + e + n + y,deny
c + e + l + t,electric
a + f + l + v,flavor
k + n + r,forbid
c + f + u,fudge
a + h + o + r,hooray
b + e + o + s,obsess
l + o + p + s,positive
LEFT_ALT + b + o + r,rob
a + g + i + n + s,signal
RH_MID_1_3D + o + s,solid
b + e + w,website
a + e + y,aye
c + e + n + t + u,century
d + i + k + l,click
a + d + k + r,cracker
- + d,dry-cleaning
e + f + n,effort
e + h + k + o,hooker
h + l + v,impression
a + i + n + p + r,inappropriate
e + i + n + p + s,inspector
h + i + l + r + t,thrill
e + l + w,wiener
b + c + n + o,bond
i + k + l + t,filthy
DUP + a + n + r,grandfather
m + n + u,host
d + o + r + v,producer
b + l + t,witch
a + o + p + r,appropriate
f + n + r + u,furniture
e + l + m + o,lemon
d + i + n + r,load
a + m + n + o + r,normally
' + m + p,physics
a + c + f + s,sack
e + o + s,stock
m + o + r + s + t,storm
e + h + l + w,wheelchair
a + c + n + o + u,announce
a + b + g,bagel
d + k + n,cocktail
c + e + h + l + o,committee
b + c + r + t,crew
d + k + t,defense
RH_INDEX_3D + e + x,extremely
e + i + k + l,file
a + h + i + r,haircut
DUP + l + o + s,loss
k + n + p + r,proof
l + r + u,salt
a + p + r + s,spare
LEFT_ALT + e + x,ex
a + f + i + r + y,fairy
a + e + f + o,fort
DUP + a + r + v,grape
RH_MID_1_3D + c + i,including
f + m + r,makeup
  + s,six hundred
c + h + i + l,childhood
d + e + l + v,develop
k + o + r + t,reference
h + o + r + s + t,shorts
RH_THUMB_1_3D + e + t,therapist
LEFT_ALT + e + n + o + t,tone
LH_THUMB_1_3D + a + e,accent
a + e + n + v,avenue
b + e + l + o + w,below
c + l + o + u,cloud
c + l + s,distance
e + m + x,exhaust
DUP + o + r,goal
e + g + s + u,suggestion
DUP + n + r,grocery
b + i + l + t,belief
b + m + s,bump
LEFT_ALT + c + h + i + n,inch
' + j,jury
LH_INDEX_3D + a + n,neat
d + g + o + s,odds
h + r + s + u,rush
l + s + v,spider
RH_RING_1_3D + q,squirrel
l + o + p + t,topic
DUP + o + s + t,toss
f + i + n + u,uniform
d + i + w,wide
DUP + z,zoo
b + g + o,boo
b + l + s + u,bullshit
a + d + e + u,cruel
a + d + i + l,dial
j + t,jeans
e + i + l + p,pile
l + o + p + u,poison
r + u + v,pure
a + m + n + r,romance
a + l + s + v,slave
b + i + n + s,slowly
b + k + r,awake
b + e + l + y,belly
n + t + w,booth
e + g + n + t,gentle
a + e + o + v,opera
e + g + i + p,pipe
e + o + p + s + t,poster
i + r + s + u,russian
e + p + s + w,sweep
o + s + w,sword
l + t + u,ultimate
d + t + w,debate
e + l + v + x,explode
a + f + l + o,float
. + t,justice
k + o + p,poker
c + l + p + r,pride
' + p + s,psych
m + o + r + u,rumor
DUP + e + i + l + t,title
i + u + v,vision
r + s + t + w,wrestle
c + i + n + s,column
LH_MID_1_3D + c + n,connect
LH_THUMB_1_3D + h + o,hockey
a + d + i + k + n,kidnap
LH_THUMB_1_3D + i + l,limo
a + l + o + v,painful
m + p + r + t,path
h + r + t + v,permission
c + i + n + p + r,prince
d + n + r + v,process
e + o + u,senator
h + m + r + s,smash
' + a + n,anytime
d + m + r + t,ceremony
c + d + e + l,declare
e + h + l,helpful
i + n + p + r + t,print
RH_THUMB_1_3D + o + r,rope
i + r + u,sail
LH_THUMB_1_3D + d + o,doom
c + d + e + u,education
f + l + u,flush
f + r + y,fry
e + l + m + t,melt
a + c + o + p + r,pardon
a + i + p + s,passion
a + e + o + p + s,personally
c + n + o + p + r,popcorn
RH_RING_1_3D + p + u,pussy
i + z,zombie
a + i + k + n,ankle
a + b + i + l,bail
b + l + o + w,bowling
c + d + i + u,discount
RH_MID_1_3D + e + t,entertainment
j + q,jazz
' + a + p + r,prayer
m + r + s + t,stamp
LH_INDEX_3D + b + t,betray
RH_INDEX_3D + b + r,bracelet
b + n + r + w,brownie
a + e + s + v + x,expression
DUP + n + t,negative
c + i + p,pickle
RH_THUMB_1_3D + z,puzzle
c + l + p + r + t,recipe
b + r + s + t,stab
o + r + t + w,toward
a + p + w,wave
a + e + h + w,wherever
a + d + w,backwards
c + n + t,central
a + h + m,hamburger
m + s + t + u,mustache
c + p + s,pudding
e + k + s,seek
d + i + l + s,slide
DUP + i + t,tit
LH_MID_1_3D + r + t,trial
m + o + p + r + t,trophy
b + e + s + t,best
RH_INDEX_3D + d + m,damage
c + d + e + n,decent
a + e + i + l + s,easily
DUP + e + g + i + n,engine
. + e,journey
LH_RING_1_3D + k,ketchup
l + o + r + w,lawn
a + o + u,routine
d + n + r + s,sand
e + m + o + p + s,someplace
LH_INDEX_3D + RH_RING_1_3D + t,stretch
h + r + w,whack
b + c + i + n,bloody
a + b + n + r,brand
b + i + r + s + t,british
b + c + s,budget
a + b + c + i,cabin
LH_INDEX_3D + d + t,determine
d + g + n,doggie
RH_INDEX_3D + RH_MID_1_3D + e,entertain
e + h + l + m,helmet
. + c,jackass
a + d + e + i + m,media
e + h + n,motion
e + k + o + p,poke
LH_INDEX_3D + RH_INDEX_3D + p,practically
c + h + o + s + t,scotch
c + o + r + s + u,source
i + n + s + v,spoil
LH_INDEX_3D + n + t,teenager
a + e + l + u,turtle
a + e + h + u,authority
b + c + l + t,bleed
c + e + h + n,comment
d + k + n + o,confidence
d + n + o + v,convention
c + f + t,defend
a + f + l + s,flash
h + l + r + t,heal
e + h + i + v,hippie
m + p + r,phase
e + p + t + u,puppet
o + r + s + t + v,respond
a + h + r + u,sharp
DUP + i + w,wig
a + i + l + u,aisle
c + h + o + r,command
c + d + e + t,detective
d + l + o + v,dolphin
e + i + t + x,exit
DUP + a + o + r,grand
d + i + n + u,industry
b + l + r + t,label
i + l + m + t,limit
a + e + m + u,mature
c + i + p + t,pitch
m + p + s,pump
a + c + i + r,racist
LH_MID_1_3D + h + w,whom
c + h + n + t,comedian
f + k + o + r,fork
a + g + n + r + u,guarantee
DUP + l + m + r,magician
d + m + r + u,murderer
DUP + c + o + r + u,occur
a + k + o + p,pork
c + e + o + s,soccer
DUP + a + c + e + s,access
d + r + w,backup
a + b + m,bam
b + m + r + t,behave
c + e + n + o + u,encourage
RH_RING_1_3D + e + t,estate
f + i + l + r,flirt
c + h + n + r,handicap
e + h + o + s,hose
c + d + i + n,incident
l + o + s + t,lost
a + d + o + u,occasion
n + r + s + t,route
c + s + t,secretary
a + c + l + u,classy
c + f + n + o + t,confess
d + o + r + w,drown
e + i + n + p,environment
a + e + f + l + s,false
g + h + i,highly
DUP + e + l,legend
c + o + p + r + u,production
LH_INDEX_3D + RH_THUMB_1_3D + t,threat
DUP + t + v,vegetable
a + e + m + o,amen
a + c + i + p,capital
c + i + r + s + u,cruise
a + e + f + n,forth
g + j,judgment
e + n + o + s,nonsense
e + k + o,offend
a + e + g + p,pepper
a + m + p + r,phrase
c + i + n + p,picnic
a + i + p + r + v,privacy
e + i + s,self
l + m + s,shitty
RH_MID_1_3D + b + i,billion
a + c + e + h + u,cheers
a + d + m + o,coma
a + d + e + n + o,contain
a + c + f + i + s,fascinating
g + l + r,gal
h + m + r,ham
n + o + p + r,pronounce
a + m + p + s,sample
c + l + p,victory
b + e + m + o,behold
LH_MID_1_3D + RH_MID_1_3D + c,concentrate
a + d + e + s + v,depressed
RH_INDEX_3D + d + r,drama
e + i + v + x,explanation
a + h + l + w,hallway
e + i + n + t + y,ninety
RH_INDEX_3D + RH_THUMB_1_3D + r,particular
a + e + l + p + u,pleased
n + r + s + t + v,response
RH_MID_1_3D + q,liquor
e + l + o + w,lower
e + i + m + s,miserable
LEFT_ALT + i + n + p,pin
c + p + r + u,purchase
a + e + f + i + s,satisfy
h + o + s + t + u,shout
l + s + t,site
e + g + h + t,thee
i + n + t + u,unit
LH_THUMB_1_3D + n + o,condo
a + d + n + o,donate
k + r + u,fur
- + DUP,good-looking
a + g + p + r + y,gravy
a + g + h + i,imaginary
l + m + t,lemonade
d + m + s + u,muscle
LH_INDEX_3D + RH_INDEX_3D + n,nearly
l + o + u + v,opposite
s + t + w,sweat
e + g + i + t,tiger
a + b + l + u + v,valuable
a + d + l + m + o,alcoholic
c + n + o + s + u,counselor
a + f + i + l + u,failure
LH_INDEX_3D + a + f,farmer
a + h + n + o,horn
a + l + m + p,lamp
a + n + o + r,orange
RH_INDEX_3D + e + p,peach
DUP + l + o + r + t,roller
k + r + s + t,staff
e + h + i + t,thief
a + o + p + r + v,approve
a + c + n + u,coast
a + d + e + s,cure
RH_MID_1_3D + d + i,dinosaur
c + d + i + r + t,directly
a + h + n + u,haunt
a + c + e + l + o,location
e + n + o + w,owner
k + n + r + t + u,trunk
a + o + r + w,abortion
a + b + k + r,bark
RH_THUMB_2_3D + a + r,bartender
b + n + r + u,brunch
a + c + l + s + u,casual
a + c + h + o + s,chaos
c + e + h + i,chief
RH_THUMB_1_3D + c + o,chop
d + e + s + u,dust
d + e + i + n + t,intend
RH_INDEX_3D + l + o,lottery
i + m + s + u,musical
e + n + o + p,opening
a + e + n + p + s,personality
p + s + w,publish
a + e + g + s + u,sausage
d + e + n + u,underneath
a + f + n + u,unfair
q + w,wizard
a + b + c + o + r,aboard
a + g + r + s,argue
b + c + l + r,badly
b + m + s + u,bush
RH_MID_1_3D + f + o,fold
k + o + t,footage
e + h + i,height
a + b + l + o + r,labor
e + m + n + p,nephew
k + n + p + u,punk
' + h + s,shy
DUP + a + c,cage
c + i + l + p,civil
LH_MID_1_3D + c + l,colonel
a + c + o + r + u,courage
d + e + g + i + l,delightful
e + l + m + o + t,emotion
e + o + v + x,expose
c + e + f + n,fence
e + g + l + u,glue
RH_THUMB_1_3D + n + o,noodle
a + g + n + o + r,organ
e + l + o + p,pole
f + l + r + t,refrigerator
k + s + u,skull
i + r + t + x,taxi
LH_INDEX_3D + a + i,airline
LH_THUMB_1_3D + a + b,background
a + b + o + r + v,bravo
LH_INDEX_3D + RH_THUMB_1_3D + c,cheek
n + t + v + x,expense
i + m + r + s,irish
RH_THUMB_1_3D + a + l,ladder
a + c + f + i + n,nickname
LEFT_ALT + a + e + p,pea
i + n + r + v,principal
LH_THUMB_1_3D + RH_INDEX_3D + r,rack
e + i + u,session
d + l + o + s,soldier
i + n + r + u,urine
DUP + i + r + v,virgin
a + d + n + w,wander
a + c + n + r,carrot
d + i + l + m,chili
c + l + r + u,circus
a + f + m + o,former
g + o + t,generous
e + g + s,gesture
a + h + k + l,halfway
' + LH_MID_1_3D,o'clock
n + p + r + s,prostitute
e + h + l + s,shelter
p + t + u,sperm
c + e + h + t,technology
a + e + g + o,agent
a + i + l + w,ability
a + f + l + u + w,awfully
a + c + e + h + y,cherry
c + d + i + s + u,discussion
c + d + n,documentary
e + i + n + s + v,invest
RIGHT_ALT + j,jet
k + n + o,knowledge
i + m + n + s,minister
h + m + o + t,motherfucker
e + f + n + o + s,offensive
m + n + p + r,promote
e + g + i + n + s,singer
c + e + i + p + s,specific
d + e + n + s + u,sudden
c + t + u,tuck
LEFT_ALT + i + n + s,sin
LH_THUMB_1_3D + RH_INDEX_3D + h,chart
LH_INDEX_3D + RH_INDEX_3D + g,grader
b + l + s,bull
LH_INDEX_3D + LH_THUMB_1_3D + RH_INDEX_3D,carefully
d + l + t,cleaning
a + d + k + o,dork
d + m + u + y,dummy
a + e + m + x,exam
e + h + i + l,helicopter
m + o + s + t + u,moustache
LH_INDEX_3D + j,reject
k + l + s,ski
' + s + v,spy
RH_INDEX_3D + RH_RING_1_3D + r,stress
LH_INDEX_3D + RH_INDEX_3D + h,therapy
e + u + v,upper
n + o + p + s,sponge
f + o + r + v,profit
a + g + i + s,assignment
b + o + u,bounce
a + b + c + n + r,branch
LEFT_ALT + c + d,cd
a + d + i + l + y,daily
c + d + l,dice
d + g + i + n,dignity
LH_INDEX_3D + RH_MID_1_3D + t,entirely
a + e + f + i,flatter
a + f + r + u,fraud
LEFT_ALT + i + p + t,pit
DUP + r + s + t + u,status
k + o + r + s + t,stroke
RH_INDEX_3D,thirty-five
g + o + y,yogurt
a + n + r,random
RH_MID_1_3D + b + o,blond
b + c + e + u,cube
a + e + l + y,alley
RH_MID_1_3D + a + r,arrange
c + o + p + u,coupon
d + i + t,ditch
d + n + r + u,drunk
DUP + c + e,edge
a + g + r + y,gray
e + h + o + u,hostage
RH_MID_1_3D + f + i,inform
e + i + k + l + y,likely
a + f + m + s,mask
a + e + o + u,nasty
l + o + y,olympics
a + e + i + n + p,panties
i + p + r + t + u,priest
h + i + n + s,shine
RH_INDEX_3D + c + p,capable
a + c + n + p + r,corporation
d + e + l + t,delete
d + e + o,dental
DUP + e + o,engagement
LH_INDEX_3D + RH_INDEX_3D + RH_MID_1_3D,entitle
LH_THUMB_2_3D + h + o,howdy
m + n + p,movement
l + o + r + v,piano
c + e + o + s + t,scooter
i + l + s + v,silver
g + i + l + s,slightly
d + n + t + u,underpants
a + b + c + i + n,cabinet
d + e + t + w,debt
b + g + l + o,global
h + r + t + w,hereby
d + e + i + k + n,kindergarten
h + s + t + u,mustard
- + o,old-fashioned
c + o + p + r + t,procedure
g + n + p + r,progress
a + c + e + l + s,scale
c + e + l + s,select
LEFT_ALT + b + i + r,rib
LH_INDEX_3D + RH_INDEX_3D + m,armed
RH_INDEX_3D + b + c,backyard
a + c + e + p + u,capture
a + c + i + n + s,casino
a + c + e + h + o,catholic
c + l + o + r + t,cleaner
c + e + u,desert
- + e + x,ex-boyfriend
c + e + u + x,executive
a + e + k + o,foreign
f + l + u + y,fully
RH_INDEX_3D + e + l,lean
e + l + o + s + u,louse
n + o + v,novel
  + n,one thousand
c + i + l + s,slice
t + u + v,species
s,strip-club
DUP + e + i + w,weigh
a + b + e + i,weirdo
c + h + r + s,shadow
a + d + m + n,accomplish
LH_INDEX_3D + RH_THUMB_2_3D + a,barbecue
RH_RING_1_3D + a + c,cast
d + r + s + u,curse
d + e + i + k,define
t + z,equipment
e + f + v,fever
DUP + g + i,gig
a + h + m + r + s,harassment
LH_MID_1_3D + n + t,intelligent
LH_INDEX_3D + a + k,karate
a + e + h + n,manner
. + h,marijuana
LH_INDEX_3D + o + p,operate
e + o + p + s,post
LEFT_ALT + q,quest
a + i + n + r + s,raisin
g + i + l + r + t,religious
f + l + s,skinny
i + t + u,stinky
h + i + s + u,sushi
h + t + y,thy
LH_INDEX_3D + h + w,whew
LH_INDEX_3D + a + l,allergic
RH_INDEX_3D + RH_THUMB_1_3D + e,appearance
d + k + n + r + u,drunken
i + k + r + t,fireman
RH_INDEX_3D + f + r,frame
a + d + g + r + u,graduate
h + m + r + t,hammer
a + g + n + u,naughty
n,nine hundred
a + l + r + s,salary
DUP + i + s,signature
b + c + o + r,border
LH_INDEX_3D + c + u,curtain
d + k + r + t,defeat
d + e + l + s,desire
- + e + w + x,ex-wife
a + e + i + k,firework
b + m + r,habit
DUP + a + m + n,management
DUP + i + m,mighty
l + m + s + u,muslim
DUP + a + n + y,nanny
c + e + i + n,nicely
LH_MID_1_3D + l + p,polite
LH_MID_1_3D + RH_MID_1_3D + p,political
LH_THUMB_2_3D + RH_INDEX_3D + r,rage
a + b + i + n + r,rainbow
e + l + m + s,smelly
i + s + t + u,tissue
LH_INDEX_3D + i + t,triangle
e + l + s + u,useless
i + s + t + v,visitor
d + n + v,vodka
DUP + a + i + n,angle
a + n + o + y,anonymous
c + i + n + r + t,calendar
d + l + w,dibs
f + i + n + r,financial
a + e + k + l,flat
d + i + n + t,identity
LH_MID_1_3D + l + v,living
g + i + r + t,register
c + h + n + s,shocking
h + n + s + v,shopping
l + s + x,sixth
n + o + s + v,spoon
LH_INDEX_3D + RH_INDEX_3D + RH_RING_1_3D,strawberry
c + h + i + t,thick
b + t + w,web
LH_MID_1_3D + RH_THUMB_1_3D + w,whoops
c + n + o + t + u,counter
DUP + a + e + o,agency
a + c + i + n + r,carnival
LH_THUMB_1_3D + RH_MID_1_3D + o,confirm
c + o + p + r + s,corpse
a + d + g + i + s,disagree
LH_INDEX_3D + RH_INDEX_3D + f,feature
f + i + m + r,firm
g + h + i + l,hill
h + n + v,hopefully
RH_INDEX_3D + j,jam
b + l + m + r,lamb
DUP + i + n,log
l + o + p + r + t,printer
e + k + s + t,sketch
RH_INDEX_3D + RH_RING_1_3D + e,steam
e + s + u + v,superhero
h + o + t + w,toothbrush
d + n + o + u,council
c + d + t,deck
a + d + g + o + r,dragon
c + e + i + l + t,election
a + c + f + l,lack
a + l + s + u + w,lawsuit
c + e + l + t + u,lecture
' + m + s,mysterious
l + p + r + s + t,pleasant
DUP + r + t + v,pregnancy
RH_RING_1_3D + o + r,rose
c + i + s + t,scientific
c + p + s + t,specifically
e + n + t + u,tune
a + c + d + l,acid
a + g + h + r,argh
a + c + d + i + n,candidate
c + f + i,differently
c + o + t,economy
e + g + h + i,eighty
e + f + g,fee
a + f + l + m,flame
f + n + o + u,foundation
. + l,joint
LEFT_ALT + o + y,oy
i + n + p + s + u,punishment
a + l + r + y,rally
q + r + t,request
  + u,seven hundred
d + m + o + s,shock
LH_INDEX_3D + o + s,sore
c + e + p + s + u,suspect
LH_MID_1_3D + n + u,union
e + l + p + t,telephone
a + c + e + s + u,accuse
RIGHT_ALT + a + e + p,ape
LEFT_ALT + a + b + n + r,barn
d + u + w,buck
d + i + t + v,divide
e + h + o + v,hopeless
LH_MID_1_3D + RH_INDEX_3D + n,intervention
RH_MID_1_3D + i + m,millionaire
o + u + w,observe
a + e + k + p + s,speaker
c + i + p + s,spicy
d + i + r + s + t,stadium
d + n + r + s + t,standard
' + n + s,syndrome
h + n + r + u,unhappy
b + n + v,vow
o + u + y,youth
a + d + l + m + r,admire
a + b + m + u,ambulance
b + n + o + u,bonus
c + h + l + o + s,commission
c + h + o + r + t,crotch
a + d + e + g,deer
f + n + o + t + u,fountain
DUP + l + m,immigrant
LH_MID_1_3D + j,injury
e + i + n + t + u,intense
LH_RING_1_3D + j,journal
a + l + o + u,launch
a + d + e + l + m,medal
e + i + l + m,mile
c + r + s + t + u,rescue
e + m + s + t,semester
LH_INDEX_3D + LH_MID_1_3D + t,tire
o + r + s + w,worship
d + e + g + s,seed
d + o + t,dot
. + RH_INDEX_3D,a.m.
RH_MID_1_3D + a + e,alert
LH_MID_1_3D + LH_THUMB_1_3D + n,confident
c + n + r + t + u,currently
c + d + l + s,disco
f + n + s,found
f + r + s + u,frustrate
a + i + m + p,improve
LH_MID_1_3D + RH_MID_1_3D + t,intercourse
i + n + p + t,investment
. + y,jelly
LH_MID_1_3D + a + l,loan
LH_MID_1_3D + p + r,protest
LEFT_ALT + a + e + l + s,seal
e + i + l + s,silent
e + h + t + v,temperature
c + e + i + s + t,testicle
i + p + t + y,typical
a + n + s + u,unusual
a + o + r + v,approach
a + i + l + p + r,april
b + n + w,bow
a + c + e + i + s,castle
d + e + l + o,dine
i + k + n + r,fiance
DUP + g + o,goo
DUP + n + v,governor
LH_MID_1_3D + l + t,lotion
a + e + m + s,measure
d + m + o + t,modern
d + n + t,necklace
LEFT_ALT + n + o + r,nor
a + g + o + r + s,orgasm
e + o + p + t,poetry
a + d + m + s,scam
h + l + u,shift
a + e + k + n + s,sneaker
b + c + e + n,bench
b + j,blowjob
LH_THUMB_1_3D + RH_THUMB_1_3D + a,championship
c + e + f + o,coke
a + d + k + n + r,darkness
a + d + i + r + y,diary
g + i + l + u,guilt
i + m + n + t,intimate
a + g + l + u,laughter
d + l + o + t,lend
o + q,organization
l + p + r + u,purple
LH_THUMB_1_3D + i + r,rice
e + i + m + n + s,seminar
e + i + n + u,senior
h + s + t,sheep
i + p + s + u,upside
e + h + v,vehicle
e + n + s + t + v,seventy
a + c + e + h + i,achieve
c + d + l + r,addiction
RH_THUMB_1_3D + a + c + r,architecture
d + e + m + n + o,demon
- + c,dry-cleaner
LH_THUMB_1_3D + d + u,dumbass
f + r + t + z,freezer
d + g + i + u,guide
a + h + m + r,harm
h + k + n + o,honk
l + o + t + u,install
a + d + m + u,mascot
a + i + m + s,massive
LH_INDEX_3D + m + t,metal
e + o + s + t,nest
DUP + e + i + n + t,nineteen
l + o + p + s + w,possibility
a + i + p + r + s,praise
c + p + r + s + t,prescription
c + n + p + r + u,produce
a + l + m + s,salmon
n + o + r + s + u,surround
g + l + o + r + t,troll
DUP + a + w,wagon
h + i + s + w,whisper
DUP + m + u + y,yummy
LEFT_ALT + a + b + n,ban
d + l + o + w,bind
b,brand-new
b + e + u,butterfly
c + i + l + t,ceiling
c + n + o + s + t,constantly
l + o + t + w,elbow
c + e + i + t,electricity
c + t + x,exchange
DUP + a + g + r + s,grass
i + m + n + s + u,misunderstanding
i + n + r + t + u,reunion
a + c + r + u,sacred
a + e + g + s,sergeant
g + l + o + s,solo
' + r + s,syrup
LH_INDEX_3D + RH_INDEX_3D + RH_THUMB_1_3D,therefore
i + m + t,timing
h + i + s + t + w,whistle
DUP + i + k + n,knight
RH_MID_1_3D + a + b,ballet
a + d + l + w,blade
a + b + l + s,blast
b + c + e + i,celebration
c + e + h + u,cheesecake
d + m + o + u,communicate
DUP + c + o + u,cough
c + i + l + p + r,cripple
d + o + z,dozen
f + i + n + w,following
a + d + g + o,goddamn
e + g + h + l,heel
LEFT_ALT + a + d + l,lad
DUP + n + o,noon
i + l + r + t + v,relieve
a + s + v,saving
c + h + s + t,scheme
i + l + s + t,silence
k + r + s,skate
e + n + t + w + y,twenty-two
RH_MID_1_3D + o + v,volunteer
a + i + l + p,application
c + h + i + n + r,cinnamon
d + n + o + s,coconut
c + e + n + o + s,construction
LH_INDEX_3D + RH_RING_1_3D + a,easter
l + t + v + x,explore
g + h + l,highway
i + l + m + p,imply
e + n + p + t,pottery
a + k + o + s,soak
e + l + u,sticker
i + r + s + u + v,survivor
a + e + k + s,task
a + g + o + y,yoga
b + r + t + u,beast
d + e + i + s + t,destiny
d + e + o + t,detention
a + c + d + e + i,direct
d + i + l + r,drill
g + i + l + r,grill
e + n + o + p + t,potential
b + i + n + r,ribbon
a + g + p + s,spaghetti
f + s + t + u,stuffing
i + r + s + t + u,surely
b + e + n + t,twenty-three
d + m + r + s,drum
a + d + n + u,accountant
RH_THUMB_1_3D + c + i,chill
c + n + r + s,coaster
LH_MID_1_3D + LH_THUMB_1_3D + RH_MID_1_3D,conditioner
LEFT_ALT + c + e + n + o,cone
LH_INDEX_3D + RH_INDEX_3D + d,deaf
d + i + m + s,dismiss
d + l + t + v,dive
g + o + r + t,error
h + r + s + t,hers
. + w,jewelry
a + d + e + m + y,mercy
c + e + f + i + n,nickel
b + j + o,object
d + l + o + u,scissors
LH_THUMB_1_3D + e + s,secretly
a + c + h + u,smack
o + s + u + v,supportive
c + f + i + t,tick
a + f + l + w,waffle
b + c + i,wicked
d + i + s + w,wisdom
DUP + o + w,woo
' + a + e + s,essay
b + l + t + u,butler
a + d + e + l + y,deadly
c + d + e + i + l,delicate
c + d + o + s,document
e + i + m + n + t,emotionally
f + l + t + u,flute
g + i + n + r,gorilla
g + h + o + r,groom
a + g + h + o,horror
a + h + m + u,humanity
a + h + k,maker
LEFT_ALT + d + m + u,mud
' + d + e + n,needy
u + v + y,psychic
c + d + r + t + u,reduce
LEFT_ALT + d + o + r,rod
b + r + s,rubber
g + r + u,rug
h + u + y,symbol
e + f + i + s + t,testify
h + i + r + s + t,thirsty
c + d + e + s + u,succeed
LEFT_ALT + b + m + o,mob
a + b + c + i + s,basic
a + b + e + l + m,behalf
b + o + t + y,booty
d + i + r + w,bridesmaid
d + m + o + r,chore
b + c + n + r,crowded
l + o + t + v,envelope
c + e + i + x,exciting
d + e + l + m,medication
c + e + n + u,necessarily
n + z,organize
LH_INDEX_3D + o + v,overreact
a + e + g + n + p,pageant
c + l + o + p + r,principle
a + b + l + r,rabbi
RH_RING_1_3D + z,sneeze
' + r + s + t,tasty
b + o + r + t,tobacco
RH_THUMB_1_3D + e + w,whee
a + c + f + i,facility
i + k + u,skirt
c + d + i + t,dedicate
d + e + s + v,despite
d + n + w,download
e + f + t,fetus
f + g + i + r,frighten
LH_INDEX_3D + LH_THUMB_2_3D + a,grateful
a + g + i + p + r,gravity
h + i + l + r,hail
a + h + y,hay
c + e + h + l,hideous
h + o + w + y,hobby
a + e + g + l + y,legally
g + h + i + l + t,lighting
b + l + o + y,lobby
g + l + o + u,lung
h + l + s + u,musician
e + p + t + y,petty
LEFT_ALT + l + o + p + t,plot
a + e + n + p + u,presence
a + m + o + p,promotion
a + c + l + r,radioactive
f + i + l + r + t,relief
o + r + s + t + u,resource
i + l + r + s,sailor
b + n + s,sober
a + f + o + s,sofa
a + i + n + u,annual
b + i + r + u,burrito
a + d + e + l + o,catalog
a + c + e + h + l,cheerleader
DUP + c + n + o + t,cotton
LEFT_ALT + a + b + c + r,crab
a + f + i + l + r,fairly
k + n + u,fund
g + h + n,hog
h + i + r + u,hurricane
' + .,july
a + m + n + s,mansion
d + m + o + r + t,motorcycle
g + l + p,pigeon
RH_THUMB_1_3D + l + o,politics
g + o + p + r + t,proper
q + y,qualify
c + n + p + r + t,recover
a + r + s,sarcasm
m + s + t,sheriff
g + h + o + s,shoo
' + o + s,soy
c + i + p + s + u,suspicious
a + e + u + w,sweaty
RH_INDEX_3D + q,technique
g + h + i + t,thigh
o + t + x,toxic
b + e + o + t,twenty-seven
u,uh-uh
e + s + t + v,vest
d + l + r + w,crib
a + m + s + u,amusement
LH_INDEX_3D + a + v,average
LH_THUMB_1_3D + RH_INDEX_3D + b,backpack
b + l + o + r,balance
b + e + v,beverage
o + w + x,boxer
d + e + k + n + o,confession
c + e + l + p,deeply
a + f + r + w,fabric
a + e + h + s + v,herpes
h + w + y,hybrid
d + i + n + r + t,increase
LEFT_ALT + e + h + m + t,meth
p + r + t + v,prevent
i + p + r + s,prisoner
LH_INDEX_3D + LH_MID_1_3D + p,protection
g + q,queer
a + e + f + u,refresh
g + h + s + u,shush
c + u + y,yuck
h + l + o + v,vomit
a + c + d,academy
a + o + s + u,anus
a + b + y,babysitter
a + b + e + o,banner
b + n + r + t,beneath
b + c + l,bid
a + d + i + w,bladder
c + l + t + u,cult
RH_MID_1_3D + a + d + e,dealer
e + k + l,flesh
f + i + l + u,fulfill
l + m + o,hint
h + m + s,hump
c + i + n + t,identify
d + i + m + n + t,intimidate
LH_INDEX_3D + RH_INDEX_3D + l,leather
d + m + n + r,madness
a + e + l + m + y,merely
l + m + o + t,mole
RH_MID_1_3D + z,nazi
a + u + v,passionate
LEFT_ALT + a + p + r,rap
h + m + r + u,shampoo
e + l + s + v,sleepy
DUP + m + s + u,smug
a + r + s + v,spray
s + t + u + v,supermarket
c + e + o + t,tend
' + e + n + t + w,twenty-one
b + m + r + u,umbrella
r + t + u + w,wrestler
d + s + w,bud
b + e + n + o,boner
c + h + t + u,chess
RIGHT_ALT + c + h + i + n,chin
d + i + l + v,clip
c + e + n + o + p,concept
LH_INDEX_3D + c + o,core
d + g + t,deed
d + e + t + u,destruction
d + i + s + v,display
LEFT_ALT + a + d + n,dna
e + g + h + i + t,eighth
h + i + l + t,eliminate
e + g + o + s,goose
h + m + o + s,homosexual
e + i + n + t + v,invention
a + e + i + m + n,meaning
i + m + n + u,minus
d + m + n + u,ouch
g + i + l + p + r,pilgrim
g + l + p + u,plug
g + p + s + t,psst
n + r + s + t + u,surrender
n + r + t + w,towards
a + d + u + v,vacuum
a + h + o + y,ahoy
c + r + y,crystal
d + g + r + t,data
LEFT_ALT + d + e + n + o,done
' + d + r,dryer
d + e + i + t,editor
DUP + e + l + o + v,evolve
b + k + l + o,flow
g + h + r + t,germ
LH_INDEX_3D + LH_THUMB_2_3D + RH_INDEX_3D,grace
a + m + r + u,harsh
LH_MID_1_3D + RH_INDEX_3D + RH_MID_1_3D,intelligence
. + b,jaw
. + d,juicy
i + l + p + s + t,lipstick
c + f + l + u,luckily
d + e + i + m + u,medium
LH_MID_1_3D + m + n,minority
a + e + n + o + v,overnight
a + p + y,payment
c + n + s + t,scenario
b + c + r + s + u,scrub
l + m + u,shiny
h + n + s + t,thoughtful
o + p + t + u,tops
RH_INDEX_3D + i + r,tribe
h + o + r + t + w,worthless
g + h + i + r,righty
a + b + o + s,absolute
RH_THUMB_2_3D + z,breeze
/ + 9,9/1/01
a + d + j,adjustment
a + d + e + o + v,adoption
a + h + n + y,anyhow
b + r + s + t + u,burst
DUP + a + c + o,cocoa
c + o + r + t + u,courtesy
a + c + e + n + u,current
d + g + n + u,dough
RH_THUMB_2_3D + e + m,embrace
a + k + x,fax
LH_MID_1_3D + f + l,foolish
d + l + o + r + t,locate
DUP + e + m + o,memo
RH_MID_1_3D + e + m,mentally
LH_MID_1_3D + RH_MID_1_3D + m,minor
RH_MID_1_3D + m + o,monitor
DUP + m + o,moo
RIGHT_ALT + q,quote
a + c + n + o + r,raccoon
c + s + t + u,seduce
DUP + e + l + s + v,sleeve
h + n + s + u,sunshine
d + i + k + t,tickle
LH_THUMB_2_3D + o + t,tower
DUP + o + r + t + v,troop
h + l + o + u + v,volume
DUP + i + n + w,wingman
DUP + s + u + w,wuss
d + n + o + s + t,constant
LEFT_ALT + c + e + u,cue
d + k + r,acknowledge
a + d + e + i + n,addition
a + b + u,bass
b + l + s + t,blessing
b + i + s + u,businessman
a + c + l + r + s,classroom
LH_MID_1_3D + LH_THUMB_1_3D + l,clinic
a + d + o + w,coward
d + l + r + v,driveway
DUP + c + e + l + t,elect
f + i + s + t,fist
g,grown-up
c + d + i + n + r,indicate
DUP + i + n + r,ingredient
e + l + o + u,instance
j + o + u,june
DUP + i + l,lighten
i + l + m + r,mailman
LH_THUMB_1_3D + e + t,meteor
LEFT_ALT + m + o + p,mop
RH_THUMB_2_3D + n + o,noble
. + p,pajamas
h + v + y,physically
LEFT_ALT + o + p + r,pro
d + n + r + t + v,reverend
DUP + n + r + t,root
l + s + t + u,slutty
f + i + n + s,sniff
e + l + s + w,swell
h + i + r + t + y,thirty-one
h + m + s + u,mushroom
RH_THUMB_1_3D + a + v,advanced
a + e + m + s + u,amuse
a + d + e + n + s,ancestor
DUP + a + c + e + i,attic
b + c + l + o + r,broccoli
c + l + r + s,circumstance
c + h + i + n + t,clothing
a + c + d + e,decade
d + i + n + r + s,disorder
d + e + g + n + u,dungeon
e + l + o + u + v,evolution
LH_THUMB_1_3D + e + x,exception
c + f + n + u,function
f + g + t,geek
DUP + l + o + r,glorious
g + o + u,gossip
a + h + i + v,happily
LEFT_ALT + d + i,id
i + l + m + r + t,military
c + n + t + u,nude
RIGHT_ALT + a + n + p,pan
a + c + i + p + r,paradise
a + e + p + v,pervert
c + l + o + p,pinch
' + i + p + t,pity
RH_INDEX_3D + o + r,rotten
e + o + s + v,seventh
a + i + l + m + s,similar
e + o + t + u,tunnel
RH_MID_1_3D + a + v,vanilla
d + r + t + w,wreck
LEFT_ALT + z,zip
b + c + e + t,bedtime
LEFT_ALT + a + c + e + p,cape
c + n + r + u,crossword
d + e + i + u,designer
a + e + n + o,enormous
RH_THUMB_2_3D + e + t,extreme
a + f + g + r,fragile
e + g + i + n + t,genetic
e + g + l + o,length
DUP + i + l + m,lightning
DUP + a + m + o,magnificent
a + f + m + n,mankind
a + h + m + r + u,marshmallow
LH_THUMB_1_3D + RH_INDEX_3D + e,meatball
e + m + u,messy
m + n + o + t + u,mount
a + n + v + y,navy
e + o + p + u,oppose
a + e + o + p + u,passenger
a + g + l + p + y,playground
e + n + p + s,possession
a + o + p + r + s,proposal
' + c + p + s,psycho
a + f + i + n + r,rainforest
g + n + s + u,sunglasses
LEFT_ALT + e + m + p + t,temp
m + o + t + u,thou
a + i + n + r + u,urinal
LEFT_ALT + a + h + w,wah
p + r + t + u + w,republican
a + b + s + u,abuse
a + d + j + u,adjust
a + n + r + v,approval
c + x,complex
RH_INDEX_3D + c + n + o,contestant
m + t + x,exhibit
a + e + f + m,fame
DUP + e + g + n,gene
b + i + n + s + v,invisible
e + i + k + t,kitten
a + e + l + o + p,laptop
i + m + n + r,maniac
m + t + y,myth
d + e + g + i + n,needle
l + m + p + r,prime
k + p + u,puke
DUP + r + s + t + v,reserve
a + r + u,sarcastic
e + h + u,shelf
e + k + l + s,skeleton
b + i + m + s + u,submit
a + e + p + s + u,supervisor
' + m + p + s,symptom
i + r + u + v,virus
f + r + t + w,weakness
RH_INDEX_3D + RH_THUMB_2_3D + r,barrel
a + l + p + s + u,applause
DUP + a + r + w,brag
LH_THUMB_1_3D + b + u,buckle
b + g + l + r + u,burglar
RH_MID_1_3D + a + c,caller
d + k + n + o + t,donkey
a + e + i + n + v,environmental
e + q + u,equal
a + e + n + v + x,expand
f + i + u,flu
a + e + k + n,forehead
e + f + i + l + s,lifestyle
b + e + j + o,objection
RH_INDEX_3D + o + u,outrage
a + e + g + p + s,pasta
LH_THUMB_1_3D + a + p + r,practical
DUP + c + r + s + t,recess
c + r + t + y,recycle
a + o + r + s,roast
DUP + a + l + s,salsa
RH_RING_1_3D,seventy-five
m + r + t + u,shred
' + l + o + p + s,sloppy
e + m + n + s,somewhat
c + i + s + t + u,suitcase
DUP + e + n + s + t,tense
a + e + l + v + y,valley
d + o + r + s,association
b + i + k + n,bikini
n + u + w,bun
b + c + l + u,clubhouse
c + f + n + o + r,confront
RH_MID_1_3D + c + o + t,contribute
DUP + c + i + r + t,critic
a + d + e + u + v,depressing
d + i + m + t,dime
c + d + l + u,discovery
c + e + f + i + t,effective
c + e + i + t + x,excitement
e + w + y,eyebrow
k + l + u,fluffy
LH_INDEX_3D + a + h,headache
d + i + n + t + v,independent
e + g + l + o + t,integrity
RH_INDEX_3D + k + r,karma
i + l + z,lizard
LH_THUMB_2_3D + l + o,logic
i + l + p + r,plain
e + o + t + v,poet
' + q,quietly
a + e + k + u,safely
h + i + n + r + s,shrink
a + h + l + s,slam
p + r + s + u,surprisingly
e + i + t + u,testing
h + o + r + t + u,throughout
n + o + r + t + u,tournament
a + d + o + r + w,wardrobe
i + r + s + w,wrist
DUP + a + e + n + v,nerve
d + e + o + v,deposit
a + c + l + o + r,collar
b + c + i + y,bicycle
LEFT_ALT + a + e + h + m,ahem
a + i + k + l,alike
LH_INDEX_3D + RH_MID_1_3D + a,allergy
LH_THUMB_1_3D + RH_INDEX_3D + RH_THUMB_1_3D,chamber
d + e + m + s,cheeseburger
RH_RING_1_3D + c + n + o,conscience
c + d + e + l + u,cuddle
e + i + s + x,existence
DUP + a + l,gallery
c + i + n + s + t,instinct
a + e + i + n + s,instruction
a + l + o + y,loyal
l + m + o + r,maintain
a + h + i + n,maintenance
a + e + l + m + o,meaningless
h + z,memorize
e + i + l + m + s,missile
l + m + o + s,moist
LEFT_ALT + a + g + n,nag
- + n,ninety-five
a + e + l + o + v,paintball
' + h + v,physicist
RH_MID_1_3D + RH_THUMB_1_3D + o,polish
c + l + s + t,sitcom
g + h + i + l + s,slight
f + o + s + t,softball
i + r + s + t + v,strip
e + l + m + p + t,temple
LH_INDEX_3D + o + t,torture
LH_THUMB_2_3D + x,wax
d + e + o + w,wooden
DUP + a + e + i + n,inner
e + i + k,elf
RH_INDEX_3D + c + l,claw
' + a + l,layer
f + n + r + t + u,refund
c + l + y,cycle
LH_INDEX_3D + RH_INDEX_3D + w,awareness
a + b + e + g,baggage
LH_THUMB_1_3D + l + o,closing
c + f + i + r,cricket
c + d + e + o,decorate
d + e + k + l,definition
d + e + l + o + v,development
RH_RING_1_3D + d + i,discipline
DUP + c + e + i + n,ending
i + t + v + x,explosion
f + o + r + z,frozen
a + e + h + m + o,homemade
e + h + n + t + u,hunter
k + l + t,kite
RH_MID_1_3D + a + e + m,meantime
DUP + m + o + r + t,mortgage
a + c + h + n + o,nacho
DUP + m + n,oho
LH_THUMB_1_3D + RH_INDEX_3D + p,pact
a + c + l + p,palace
a + p + s + w,password
c + l + p + t,pledge
LH_MID_1_3D + n + p,pond
l + o + r + s + t,resolution
DUP + i + r,rig
a + c + i + r + s,sacrifice
c + e + t + u,sector
e + n + s + u,sunset
p + r + s + t + u,superior
DUP + r + s + u,surgeon
m + t + u,thus
e + o + t + w + y,twenty-eight
g + p + t,vegetarian
c + e + i + p,videotape
f + n + r + w,workout
n + o + u + w,wound
p + r + y,pyramid
b + k + u,buffet
a + e + i + n + q,antique
a + e + g + l + p,appeal
RH_INDEX_3D + n + r,arrangement
b + e + l + s + u,blues
c + l + o + s + u,closure
LH_THUMB_1_3D + a + d + r,dramatic
DUP + o + t,generally
g + i + n + u,guinea
h + t + u + y,hysterical
DUP + LEFT_ALT + i + l,ill
LEFT_ALT + d + i + l,lid
e + h + m + o + t,method
LH_RING_1_3D + o + t,outrageous
e + g + l + p,peel
LEFT_ALT + a + h + r + s,rash
- + o + s,so-called
m + o + p + s,sophisticated
DUP + l + o + s + t,stool
g + r + s + t + u,struggle
b + l + s + t + u,subtle
e + n + p + s + u,suspend
e + l + o + s + t,tension
LH_THUMB_2_3D + a + e,wealthy
c + h + s + u,cushion
b + g + l + r + t,rebel
h + k + r,mafia
LEFT_ALT + a + i + m,aim
b + e + o + w,bowel
b + e + m + u,bummer
LEFT_ALT + c + e + o,ceo
LH_RING_1_3D + c + h,chubby
RH_THUMB_1_3D + c + n + o,conflict
c + n + o + p + t,convert
' + a + d + i + r,dairy
d + i + u + v,division
d + n + o + r,donation
LEFT_ALT + d + e + i + t,edit
a + e + l + v + x,expire
f + l + y,flyer
DUP + c + n,goods
a + e + h + m + u,hamster
e + h + n + o + s,honesty
RH_MID_1_3D + g + i,ignorant
a + i + n + p + s,inspiration
m + r + s + t + u,masturbate
e + i + m + n,melon
LH_INDEX_3D + LH_THUMB_1_3D + t,metaphor
LH_MID_1_3D + d + m,midget
a + l + m + o + r,moral
e + h + l + o + t,motel
LEFT_ALT + e + n + t,net
o,one hundred fifty
LH_RING_1_3D + q,quarterback
LH_MID_1_3D + a + d + r,radiation
LEFT_ALT + a + r + w,raw
c + i + r + s + t,resident
n + s + t + v,seventy-two
DUP + n + s + u,snuggle
e + o + s + u,southern
d + l + s + t,sticky
RH_INDEX_3D + h + r,three-way
LEFT_ALT + i + n + t,tin
a + f + n + w,workplace
RIGHT_ALT + z,zoom
l + u + v,spiritual
LEFT_ALT + l + o + s + t,slot
a + c + e + l + p,activate
b + i + k + r + t,briefcase
DUP + c + l + o,cologne
d + r + s + t + v,depression
e + n + t + x,extend
f + g + l,fighter
e + g + o + t,gently
g + n + o,gone
a + d + g + r + s,graduation
DUP + l + r,grief
b + g + o + r,growth
e + f + i + n,infect
k + l + r + t,leak
LH_MID_1_3D + g + l,logical
LH_INDEX_3D + l + u,lure
a + d + m + o + r,macaroni
LH_MID_1_3D + l + m,millennium
RH_MID_1_3D,ninety-nine
LH_INDEX_3D + d + o,ordinary
LH_RING_1_3D + RH_INDEX_3D + o,outer
o + x,oxygen
LH_THUMB_1_3D + a + e + p,peaceful
m + n + o + p,phony
a + c + e + o + p,protocol
r + s + w,sabotage
d + l + r + s,sadly
a + k + p + r + s,sparkle
' + h + i + r + t,thirty-two
LEFT_ALT + o + t + w,tow
l + o + t + u + v,vulnerable
LEFT_ALT + f + l + o + w,wolf
LEFT_ALT + m + u + y,yum
a + k + l + o,loaf
a + e + k + p + u,perfume
LH_INDEX_3D + RH_INDEX_3D + RH_THUMB_2_3D,bare
h + r + s + t + u,resume
a + d + r + u,scar
a + d + e + g + n,agenda
DUP + a + i + s,assign
a + e + g + o + u,autograph
DUP + a + e + i + w,await
LH_MID_1_3D + RH_MID_1_3D + b,billionaire
b + k + o,bookstore
b + u + y,buyer
LH_INDEX_3D + a + c + h,charade
a + c + l + o + p,collapse
RH_MID_1_3D + c + d + o,conditioning
LH_THUMB_1_3D + q,consequence
c + f + n + r,crooked
c + l + r + t + u,cultural
LH_THUMB_1_3D + d + e,december
d + i + l + t,deli
a + e + i + m + x,examine
b + g + n + r,grown
h + m + o + r,hormone
RH_RING_1_3D + h + u,hush
d + e + i + n + s,insecure
LH_INDEX_3D + i + n + t,intention
RH_INDEX_3D + e + i + n,international
a + k + o + r,karaoke
a + e + l + m + p,maple
LH_MID_1_3D,one thousand one hundred
n + p + s + t,pose
c + p + u + y,psychiatrist
g + h + o + s + t,shotgun
RH_THUMB_1_3D + e + m + t,tempt
e + t + v,vet
i + k + y,yikes
d + n + r + w,dawn
DUP + a + e + m + o,motor
DUP + e + n + t,tent
m + o + r + t + u,tumor
a + b + e + m + u,bathtub
a + d + n + r + w,broad
LH_RING_1_3D + b + r,brutal
b + u + z,buzz
c + d + n + o + u,conduct
d + i + n + v,copier
a + d + n + r,cranky
f + m + n + r,foam
f + i + y,fyi
DUP + e + g + l + o,google
DUP + c + r + t,greedy
h + i + y,hiya
e + i + k + s,kisser
DUP + a + l + v,lava
RH_RING_1_3D + l + o,loosen
a + b + i + l + m,mailbox
i + n + r + t + v,naive
n + o + t + v,november
a + c + e + p + s,perspective
i + l + p + r + v,privilege
l + o + r + t + u,resolve
a + c + f + r + s,scarf
a + b + n + u,unable
d + o + r + u,unacceptable
f + n + o + r + u,unfortunate
d + u + v,update
a + d + l + o + v,volcano
LH_INDEX_3D + d + w,weed
a + e + o + w,worthy
a + i + u + v,vault
DUP + a + g,gag
a + c + d + e + l,addicted
b + e + i + t,bitter
LH_THUMB_1_3D + a + b + r,braces
c + h + r + u,cashmere
LH_MID_1_3D + RH_THUMB_1_3D + c,chimp
d + m + n + s,communist
d + n + o + s + u,consultant
c + i + q + r + t,criticize
c + i + t + u,cutie
LH_INDEX_3D + c + d,decaf
d + e + m + n,demonstrate
RH_MID_1_3D + d + e,denial
d + i + t + u,distraction
d + k + n + u,dunk
d + e + l + o + t,edition
LH_THUMB_1_3D + b + e,embarrassment
e + n + s + t + x,extension
f + i + r + s,frisbee
d + g + i + n + r,grind
a + h + i + r + y,hairy
a + c + h + n + y,handy
LH_THUMB_1_3D + h + u,humble
. + g,juggle
LEFT_ALT + i + k + t,kit
' + l + o,loyalty
l + r + y,lyric
RH_RING_1_3D + a + e + m,maestro
DUP + a + m + r,margarita
e + l + m + o + s,molest
a + c + l + o + s,occasionally
a + b + e + o + v,overwhelm
a + h + r + v,pharmacy
p + r + s + t + v,preserve
l + o + r + t + v,properly
a + d + e + s + u,secure
e + l + m + s + t,settlement
d + n + s + u,sundae
LH_INDEX_3D + t + u,uterus
f + t + w,weekly
DUP + l + o + w,blog
f + i + l + y,flying
a + d + i + v,advise
a + e + h + s + w,assembly
a + b + e + v,beaver
a + b + l + z,blazer
c + n + o + p + s,conspiracy
LH_MID_1_3D + c + r,critical
d + r + t + u + v,devastated
d + i + r + s,disappointment
a + d + i + r + w,drawing
LH_RING_1_3D + d + m,dumpster
f + i + r + u,furious
d + e + g + o,goddess
e + h + o + s + u,housekeeper
a + e + i + m + u,immature
f + j,jackpot
a + j + o,janitor
. + DUP,jungle
LH_INDEX_3D + k + o,korean
DUP + a + l + u,lasagna
e + i + l + w,liberty
n + o + p + t,opponent
e + g + n + p,penguin
m + o + p + t,photographer
k + p + s,puffy
g + l + r + t,region
a + e + n + w,robe
LEFT_ALT + e + s + w,sew
RH_INDEX_3D + h + s,shatter
c + f + i + s,sickness
d + e + i + k + s,sidekick
DUP + a + k + n + s,skank
c + l + p + s,spice
LEFT_ALT + i + r + s + t,stir
d + r + s + t + u,structure
LEFT_ALT + b + s + u,sub
m + n + p + r + t,tampon
c + o + t + u,touchdown
LH_THUMB_1_3D + i + p,pimp
b + k + l + r + t,brief
a + x,anxiety
' + a + b,bay
LH_INDEX_3D + LH_THUMB_1_3D + h,chemistry
d + e + u + v,desperately
a + d + e + i + w,diabetes
RH_INDEX_3D + d + i,diarrhea
c + d + l + t,dictionary
a + d + m + n + r,doorman
e + l + o + v + x,exploit
a + e + f + y,fatty
f + i + l + s,fluid
- + k,forty-two
f + k + n + u,funky
d + e + g + n,gender
g + i + l + t,glitter
a + g + h + r + s,harass
LEFT_ALT + e + h + n,hen
h + i + r + v,improv
LH_INDEX_3D + RH_INDEX_3D + i + n,interfere
a + i + m + r,married
LH_MID_1_3D + n + v,novelty
m + p + t,phew
i + p + r + t + v,previous
i + m + n + r + t,reminder
d + g + o + r + t,rodeo
DUP + a + e + s + v,severe
e + i + l + p + s,slippery
f + m + o + s,smoker
k + o + p + s,spooky
- + r + t,ta-da
h + l + r + t + y,thirty-eight
RH_MID_1_3D + i + v,villain
a + e + h + u + w,whatsoever
n + s + t + u,stunt
LH_MID_1_3D + c + d,dock
. + a + k,a.k.a.
LH_RING_1_3D + a + c,accurate
LEFT_ALT + a + h + s,ash
a + b + i + u,basis
b + e + g + o,booger
b + k + o + r,broken
LH_THUMB_1_3D + RH_THUMB_1_3D + e,chemical
a + d + l + v,clap
c + e + l + o + s,closely
c + h + l + o + u,commissioner
c + h + n + o + u,communication
c + d + t + u,dutch
DUP + e + i + n,engineer
e + k + t,fetch
f,forty-eight
c + f + i + r + t,fried
g + l + o + r + y,glory
RH_THUMB_1_3D + g + o,godfather
a + h + l + m + r,harmless
i + m + n + p,importantly
LH_RING_1_3D + l + o,lounge
h + i + k + l,milkshake
m + n + r + t + u,mutant
e + g + n + o,negotiate
b + e + n + o + t,notebook
e + l + o + t + u,outlet
a + c + p + y,paycheck
a + g + o + p,prop
a + q + u,quantum
RH_INDEX_3D + RH_MID_1_3D + r,range
LEFT_ALT + a + e + n + s,sane
a + s + x,saxophone
h + i + l + s,smiley
a + l + o + s,solar
c + p + r + s,spaceship
e + h + s + t,stem
g + i + n + s + t,sting
LH_MID_1_3D + s + t,storage
e + i + s + t + u,suite
a + b + r + u,urban
a + i + r + w,warrior
DUP + c + n + o,congress
a + d + o + r,adore
a + b + c + l + o,balcony
LEFT_ALT + a + b + e + m,beam
a + c + i + p + u,cappuccino
RH_INDEX_3D + c + h + r,charm
RH_MID_1_3D + c + o + s,consume
a + c + f + n + r,crank
a + e + o + u + v,european
a + e + f + o + s,fatso
c + f + l,fiction
c + e + h + i + n,holder
LH_THUMB_1_3D + RH_MID_1_3D + i,income
LEFT_ALT + i + k + n,ink
a + e + i + n + u,instrument
j + x,jinx
RH_MID_1_3D + i + k,kindly
i + l + q,liquid
l + m + p + u,lump
DUP + m + n + r,magnet
DUP + a + l + o,originally
k + p + t,pfft
g + i + p + y,piggy
RH_MID_1_3D + RH_THUMB_1_3D + i,pineapple
LH_INDEX_3D + RH_THUMB_1_3D + o,porch
d + i + r + t + v,predict
d + l + r + t + v,priceless
LH_INDEX_3D + i + p,priority
LEFT_ALT + a + m + p + r,ramp
a + d + e + i + v,receipt
RH_RING_1_3D + r + u,rusty
a + d + i + n + s,sandal
e + i + s + z,seize
d + e + i + s + w,sidewalk
f + g + i + n + s,significant
a + g + l + s + u,slaughter
i + n + p + s + t,spine
b + o + s + t + u,stubborn
b + m + s + t + u,stumble
DUP + r + u,urge
DUP + a + u,urgent
LEFT_ALT + a + e + l + v,veal
RH_MID_1_3D + i + w,wink
c + h + n + o + t,notch
LH_RING_1_3D + c + s,scum
DUP + a + e + s + w,sewer
a + b + g + i + r,bargain
d + i + n + r + v,driving
LH_MID_1_3D + a + b,abort
a + d + e + l + v,active
LEFT_ALT + a + d + i,aid
a + i + s + v,aspirin
b + k + r + t,bakery
b + g + i,biggie
RH_THUMB_2_3D + l + o,bold
d + e + m + t,cemetery
LH_INDEX_3D + c + l,cleanse
LH_INDEX_3D + c + l + o,colleague
c + f + n + o + u,confusion
d + g + n + o,congratulate
RH_INDEX_3D + RH_MID_1_3D + c + o,context
c + p + r + t + u,creeps
d + g + l + u,dull
LEFT_ALT + e + g + o,ego
f + g + o,fog
f + u + z,fuzzy
d + i + n + u + v,individual
RH_MID_1_3D + i + s,insensitive
e + i + n + u + v,investigation
i + n + s + t + v,investor
i + r + t + u + v,irresponsible
i + k + n + t,knit
e + h + l + o,omelet
d + o + r + t + v,overcome
a + l + p + z,plaque
a + p + s + u,pursue
c + f + l + r + t,reflect
RH_THUMB_1_3D + a + s,shack
d + i + n + s + t,sincere
e + h + k + t,theft
d + i + k + r + t,tricky
m + t + u + y,tummy
' + e + o + t + w,twenty-six
LEFT_ALT + d + n + o + u,undo
c + e + n + s + u,unnecessary
e + i + n + p + u,unpleasant
LEFT_ALT + a + e + s + v,vase
a + i + s + w,waist
LH_MID_1_3D + q,iq
a + n + s + w,swan
i + m + p + r + t,premiere
m + n + t + u,thunder
b + i + z,bizarre
RH_THUMB_1_3D + c + i + l,cliff
d + l + r + u,curl
a + d + i + s + w,disable
d + l + t + u,district
DUP + m + r + t,emerge
h + t + v,emperor
d + e + i + n + u,endless
a + e + f + n + s,fantasize
LEFT_ALT + f + k + l + o,folk
f + o + r + s + t,fortunately
g + p + r,gap
e + g + l + o + s,goggles
a + c + h + n + s,handshake
i + l + s + u,illusion
f + i + n + t,infection
LH_MID_1_3D + f + n,influence
i + l + t + w,liberal
l + m + r + t + u,mutual
DUP + n + u,nun
. + v,p.m.
LH_MID_1_3D + c + p,pickup
LH_MID_1_3D + RH_THUMB_1_3D + r,portrait
e + n + p + u,possess
a + l + r + w,rabies
c + d + n + r + t,redneck
a + e + i + k + s,satisfaction
d + e + o + s,secondly
LEFT_ALT + i + p + s,sip
n + o + p + r + s,sponsor
l + p + r + s,sprinkles
DUP + e + l + s + t,steel
b + i + s + t + u,subtitle
d + k + l + r + t,tackle
c + f + r + t + y,tacky
a + e + l + o + u,tourist
LEFT_ALT + i + m + r + t,trim
t + u + x,tux
DUP + a + e + v,vegan
i + n + s + t + u,institute
p + r + w,paw
a + b + e + n + s,absence
RH_INDEX_3D + c + e,acceptable
b + m + r + s + t,assemble
a + e + l + o + s,assistance
b + i + s,bluff
b + g + i + r + t,bribe
LH_INDEX_3D + c + n + o,conceive
LH_MID_1_3D + d + n,diner
d + g + n + o + r,donor
k + l + o + r,finals
a + g + i + l + r,garlic
LH_MID_1_3D + g + r,groin
RH_MID_1_3D + a + h,handful
h + i + k,hike
h + i + n + v,importance
e + h + i + n,intimacy
e + i + n + p + t,inventor
e + m + n + o + t,mentor
' + DUP + m + s,mummy
h + l + o + t,ninth
c + o + p + u + y,occupy
RH_INDEX_3D + m + p,pamphlet
a + s + u + v,pause
a + c + h + n + r,ranch
DUP + r + t + u + v,reverse
LH_MID_1_3D + r + s,rooster
a + d + m + r + s,scramble
a + c + p + r + s,scrape
RH_MID_1_3D + e + s,sensation
h + l + s + t + u,shuttle
DUP + l + r + s + t,stall
m + n + o + s + u,summon
g + n + r + t,tango
e + n + t + y,teeny
e + g + h + n + t,tenth
' + h + l + r + t,thirty-six
b + e + n + t + y,twenty-nine
LH_RING_1_3D + x,unexpected
RH_MID_1_3D + i + u,unicorn
k + n + o + u,unknown
a + n + p + u,unpack
e + f + s + u,useful
RH_INDEX_3D + r + v,variety
d + i + n + s + v,vicious
RH_INDEX_3D + o + v,voter
a + i + n + r + w,warning
i + n + r + t + w,writing
m + n + p + t,photograph
. + k,jerky
a + m + n + u,manure
a + r + z,razor
h + i + n + r,animate
a + e + m + o + s,atmosphere
n + s + w,boundary
a + c + d + r,cardboard
c + h + i + r + t,cherish
c + h + n + o + r,commander
c + n + o + q,conquer
d + e + n + o + v,convenience
a + d + e + i + l,deadline
c + d + e + o + t,detector
d + g + r + s + t,dresser
DUP + e + i,elegant
e + i + m + p,empire
RH_INDEX_3D + RH_THUMB_2_3D + e,extraordinary
DUP + a + c + n + r,grandson
e + h + l + v,helpless
e + h + i + s,historical
RH_INDEX_3D + h + o,hottie
c + e + i + n + t,identical
i + n + t + u + v,investigate
c + h + l + t,itch
- + j,jell-o
j + v,juvenile
a + e + g + l + u,luggage
a + e + m + n + q,mannequin
l + m + o + p + t,motivate
DUP + c + i + n + t,niece
a + o + p + u,passport
RH_INDEX_3D + i + p,pitcher
RH_INDEX_3D + l + p,planetarium
LH_MID_1_3D + RH_THUMB_1_3D + l,policeman
f + n + r + v,profile
LH_MID_1_3D + RH_INDEX_3D + r,ritual
b + o + r + t + y,robbery
- + e + f + l + s,self-esteem
DUP + e + m + n + s,semen
- + i + s + x,six-pack
e + g + i + l + s,sleigh
n + o + p + s + t,spontaneous
DUP + r + s + t,stat
e + i + n + s + u,stunning
r + s + t + u + v,supper
i + m + r + t + y,thirty-four
' + i + m + r + t,thirty-seven
RH_MID_1_3D + o + t,tolerate
e + t + u + x,tuxedo
LEFT_ALT + a + d + n + w,wand
d + e + i + m + n,dimension
g + l + o + t,toll
LH_THUMB_1_3D + a + e + f,affection
- + a,african-american
a + d + m + n + o,anchor
a + e + h + o + u,author
b + i + n + t,blend
RH_THUMB_2_3D + i + l,blink
LH_MID_1_3D + RH_THUMB_2_3D + l,blonde
RH_INDEX_3D + b + k + r,brakes
a + d + e + w,breed
LH_MID_1_3D + b + r,brochure
a + c + l + y,clay
c + l + o + t + u,coitus
LH_INDEX_3D + LH_MID_1_3D + c,correction
c + l + r + u + y,curly
c + n + s + t + u,custody
LH_THUMB_1_3D + d + i,diversity
d + g + o + t,dodge
a + d + i + n + r,drain
d + e + y,dye
d + n + y,dynamite
a + e + q + u,equation
c + e + l + x,exclusive
a + h + i + k,halftime
h + k + n + u,hunk
a + d + i + n + v,invade
a + i + n + s + v,invasion
RH_RING_1_3D + j,jealousy
LH_THUMB_2_3D + j,jingle
RH_THUMB_1_3D + j,judgmental
DUP + k + l + o,kingdom
i + l + y,lying
a + i + m + n + p,manipulate
a + m + x,max
d + m + n + t,mode
a + n + o + r + w,narrow
d + g + o + r,odor
a + e + o + s + u,outstanding
LEFT_ALT + l + o + w,owl
e + g + o + p,pope
i + p + r + s + u,pursuit
l + r + t + y,rely
h + r + y,rhyme
LEFT_ALT + m + r + u,rum
c + o + p + s,scoop
c + o + r + s + t,scrotum
LH_MID_1_3D + p + s,spoiler
RH_THUMB_1_3D + s + u,superstar
a + f + r + s + u,surface
e + g + n + s + t,teens
DUP + e + t + w,tweet
  + o + t + w,two thousand
d + e + o + u,undercover
RH_INDEX_3D + e + v,veteran
b + i + t + v,viewer
h + i + n + w,whine
d + i + n + s + w,windshield
RH_INDEX_3D + b + i,bait
LEFT_ALT + c + e + i + p,epic
a + b + k + o,working
e + h + o + s + v,shovel
c + e + t + u + x,execute
f + i + r + t + v,fireplace
e + f + g + l,flee
LH_MID_1_3D + RH_MID_1_3D + f,flood
h,half-hour
m + n + s + u,housewife
RH_MID_1_3D + RH_RING_1_3D + i,instructor
e + f + l + o + t,leftover
e + i + l + u,lieutenant
a + b + l + o + v,lovable
a + m + o + y,mayonnaise
d + i + m + n + r,microphone
d + i + n + t + u,nudity
RH_MID_1_3D + RH_THUMB_2_3D + o,obligation
b + o + s + t,obsession
' + a + e + l + s,salty
c + h + n + r + s,schnapps
e + p + s + t + u,setup
h + n + r + s,shortly
n + r + s + u,sour
c + e + p + s + t,spectacular
m + o + p + s + t,stomp
l + r + s + u + v,survival
LH_INDEX_3D + s + w,sweatshirt
e + h + l + t,theirs
i + p + t + u,uptight
a + i + l + r + v,arrival
b + r + y,babysit
RH_THUMB_2_3D + a + c,backstage
b + g + n,boogie
b + o + s + u,busboy
b + c + o + t + u,buttocks
c + h + l + r + t,camel
RH_MID_1_3D + a + c + h,chalk
LH_INDEX_3D + LH_THUMB_1_3D + RH_THUMB_1_3D,cheater
RH_THUMB_2_3D + c + o,cobra
LH_MID_1_3D + c + n + t,contribution
d + e + o + t + v,devote
d + e + g + l + o,doodle
DUP + a + e + s,ease
d + i + l + r + t,ideal
DUP + a + e + l + s,lease
g + l + t,legendary
a + b + r + s + u,absurd
LH_MID_1_3D + a + d,additional
RH_INDEX_3D + d + v,advertise
LH_INDEX_3D + b + i,brick
a + c + d + e + o,canned
c + h + i + l + y,chilly
a + c + h + l + s,classmate
RH_MID_1_3D + RH_RING_1_3D + c + o,consult
LH_THUMB_1_3D + o + r,correctly
c + o + q,cozy
c + i + n + r + u,curiosity
LEFT_ALT + d + m + o + r,dorm
a + c + d + e + u,educate
c + d + s + t,educational
e + h + n + s + t,enthusiasm
f + i + l + m + t,filth
e + f + i + n + t,fitness
a + f + g + o,forgiveness
f + l + o + u,foul
g + i + n + t,genitals
d + g + n + r,goddamned
e + g + t + u,gutter
a + e + h + l + o,heroin
h + l + o + r,horribly
e + h + n + s + u,household
LEFT_ALT + h + r,hr
e + i + k + n,infinite
LEFT_ALT + a + e + f + l,leaf
LEFT_ALT + a + e + l + p,leap
LH_MID_1_3D + RH_MID_1_3D + v,loving
a + i + m + n + y,manly
RH_RING_1_3D + a + m,masterpiece
LH_MID_1_3D + x,obnoxious
l + m + o + y,olympic
a + e + n + o + p,opener
h + o + r + v,orphan
RH_MID_1_3D + e + p,penalty
d + l + r + s + t,residence
a + h + l + o + s,shallow
h + i + s + v,shipment
LH_INDEX_3D + i + s,siren
e + h + o + s + t,soothe
a + k + n + p + s,spank
c + l + r + s + t,strict
n + o + r + s + t,strongly
LH_RING_1_3D + p + s,superpower
w,wake-up
DUP + a + m + s,mass
c + e + n + s + t,scent
g + i + p + r,grip
c + d + o + r + t,recorder
RH_THUMB_1_3D + a + c + e,acceptance
a + c + q,acquaintance
a + c + q + u,acquire
DUP + a + i + l + r,alrighty
a + n + x,anxious
a + i + p + u,applaud
a + i + n + w,baloney
LH_MID_1_3D + a + c + p,capacity
LH_THUMB_1_3D + h + i,childish
LEFT_ALT + a + c + l + o,cola
LH_THUMB_1_3D + d + e + t,detect
e + o + x,exotic
e + g + i + l,giggle
g + h + n + o,gnome
a + d + g + i + u,guidance
h + i + t + u,historic
RH_THUMB_1_3D + i + k,kiddo
k + o + s,kosher
b + i + l + m,limbo
DUP + i + m + n + u,minimum
' + i + m + s,missy
a + e + n + s + u,nauseous
b + e + o + u,observation
o + s + t + w,obstacle
LH_THUMB_1_3D + e + o,overlook
h + i + l + v,philosophy
c + i + r + t + u,recruit
e + s + u + x,sexuality
e + h + n + s,shenanigan
i + k + l + u,silk
i + p + s + w,swipe
e + l + o + p + t,topless
e + m + n + p + u,unemployed
DUP + a + i + v,virginity
h + i + r + t + v,vitamin
- + x,x-ray
a + l + o + r,oral
a + f + i + r + s,affairs
RH_RING_1_3D + a + h,ashtray
DUP + a + e + i + s,assist
a + b + e + k + n,banker
LEFT_ALT + a + c + e + f,cafe
a + c + e + f + i,caffeine
LEFT_ALT + c + n + o,con
LH_MID_1_3D + RH_INDEX_3D + c + n,container
d + n + o + t + v,convenient
c + d + o + r,cord
a + c + e + o + u,courthouse
a + c + e + i + u,criticism
b + c + r + u,curb
LH_THUMB_2_3D + a + d,dawg
d + g + i + l + t,delight
d + e + l + u,distant
d + i + z,dizzy
d + i + r + t + u,dressing
a + b + e + y,eyeball
a + c + f + i + l,facial
f + l + r + v,flap
f + m + r + s + t,freshen
g + x,galaxy
g + r + s,guardian
e + g + h + i + l,highlight
a + h + n + r,hoard
g + h + y,hygiene
LH_MID_1_3D + n + s,institution
e + k + p,keeper
e + l + t + u,lettuce
d + i + m + r + t,maiden
b + m + r + t + u,membership
LEFT_ALT + d + i + l + m,mild
i + m + s + t,misery
i + m + t + u,mistaken
i + m + x,mixer
a + l + o + p + r,parlor
RH_MID_1_3D + a + p,platter
l + o + p + r + y,poorly
a + l + o + p + u,population
' + d + s + v,psychology
i + k + r + u,risky
b + g + o + r + t,robber
DUP + n + r + t + u,runner
n + r + u + w,runway
c + h + i + n + s,scholarship
i + l + m + u,slim
i + u + w,swimsuit
e + m + o + p + t,temporary
e + q + t,tequila
h + k + n + r + t,thankful
i + l + p + r + t,triple
l + o + r + u,urinate
a + d + i + l + v,valid
LH_MID_1_3D + n + w,winning
b + c + n + o + r,crown
f + l + o + s,floss
e + t + u + w,stew
a + d + i + m + n,administration
a + c + e + l + u,auction
RH_MID_1_3D + RH_THUMB_2_3D + i,billboard
b + o + u + z,bouquet
b + o + r + u,bourbon
a + l + o + r + w,brainwash
a + d + e + l + s,casting
DUP + a + c + e + u,cease
d + e + m + u,cheesy
c + h + l + o + r,choir
c + f + o + y,cocky
LH_MID_1_3D + RH_MID_1_3D + c + t,contraction
LH_MID_1_3D + d + r,drip
a + e + o + s + v,espresso
DUP + c + e + n + s,essence
a + c + e + l + x,exclamation
i + r + t + v + x,experimental
a + c + f + u,faculty
LH_MID_1_3D + RH_THUMB_1_3D + n,finale
f + l + r + w,flaw
DUP + a + i,gallon
RH_THUMB_1_3D + a + g + r,gardener
a + h + m + o,hammock
LEFT_ALT + h + i + v,hiv
e + h + n + u,hostess
e + i + l + v,liver
DUP + i + m + n,mingle
DUP + e + m + o + s,moose
m + o + q + s,mosquito
a + l + m + r + u,mural
- + n + o,no-one
DUP + LEFT_ALT + n + o,non
a + d + e + m + o,orchestra
a + h + o + v,orphanage
e + i + l + m + p,pimple
LH_INDEX_3D + LH_MID_1_3D + RH_THUMB_1_3D,portal
RH_THUMB_1_3D + i + r,prick
d + u + v + y,psychological
b + i + r + t + u,rebuild
c + f + o + r + t,reckon
a + c + e + n + p,recovery
- + r,rip-off
i + l + m + s + u,simulate
h + i + l + s + u,simulation
q + s + u,squad
c + e + h + n + t,technical
RH_INDEX_3D + RH_MID_1_3D + o,tolerance
i + r + t + u + w,tribute
i + l + t + v,vile
d + i + l + w,wilderness
a + h + o + w,worm
DUP + i + r + t,trigger
c + f + l + r,calf
LH_MID_1_3D + a + c,accomplishment
a + d + i + m + s,admission
b + e + i + s,beside
RH_INDEX_3D + RH_THUMB_2_3D + c,cabbage
RH_INDEX_3D + c + o,cocaine
c + f + l + o + r,colorful
LH_MID_1_3D + RH_INDEX_3D + RH_MID_1_3D + c,controversial
a + c + e + o + s,courtroom
c + i + p + r + s,crispy
' + a + d + e + l,delay
d + e + m + o + u,domestic
e + h + l + s + w,elsewhere
- + t + x,ex-husband
a + e + g + x,exaggerate
RH_THUMB_1_3D,father-in-law
c + e + f + s,feces
f + m + o + r + u,formula
a + b + g + o,grownup
a + e + h + l + u,hallelujah
e + m + o + u,hostile
h + k + r + t + u,hurtful
d + i + n + s + u,industrial
RH_MID_1_3D + e + i + t,intern
a + e + i + l + v,irrelevant
k + n + o + t,knot
RH_THUMB_1_3D + a + e + l,leadership
LH_THUMB_1_3D + j,majesty
  + e + i + n,nine thirty
g + o + r + y,orgy
a + d + e + n + v,overdue
n + p + t + u,postpone
LEFT_ALT + a + g + r,rag
a + e + g + i,registration
h + r + t + y,rhythm
b + c + r + s + t,screwdriver
b + c + s + u,scuba
c + e + l + s + t,selection
h + l + s + t,shell
c + l + o + s + t,sincerely
RH_INDEX_3D + i + s,sitter
l + r + s + t + v,stripe
LH_MID_1_3D + r + s + t,stroller
LEFT_ALT + d + s + t + u,stud
d + s + u + w,subscription
i + n + r + s + u,sunrise
e + o + p + t + u,toupee
LH_THUMB_1_3D + n + u,unconscious
d + o + t + u,underestimate
i + n + q + u,unique
a + i + n + r + v,various
LEFT_ALT + e + i + n + v,vein
e + p + w,weep
b + i + m,whiskey
i + t + w + y,witty
l + m + o + r + t,memorial
a + e + i + m + p,permit
